УНОМ,DATE_WEEK,класс,число секций,год постройки,Количество этажей,Количество квартир,Износ объекта (по БТИ),Количество пассажирских лифтов,Количество грузопассажирских лифтов
8423.0,Воскресенье,жилые,4,1960,5,80.0,-1.0,0.0,0.0
8423.0,Вторник,жилые,4,1960,5,80.0,-1.0,0.0,0.0
8423.0,Понедельник,жилые,4,1960,5,80.0,-1.0,0.0,0.0
8423.0,Пятница,жилые,4,1960,5,80.0,-1.0,0.0,0.0
8423.0,Среда,жилые,4,1960,5,80.0,-1.0,0.0,0.0
8423.0,Суббота,жилые,4,1960,5,80.0,-1.0,0.0,0.0
8423.0,Четверг,жилые,4,1960,5,80.0,-1.0,0.0,0.0
8427.0,Воскресенье,жилые,4,1960,5,79.0,0.0,0.0,0.0
8427.0,Вторник,жилые,4,1960,5,79.0,0.0,0.0,0.0
8427.0,Понедельник,жилые,4,1960,5,79.0,0.0,0.0,0.0
8427.0,Пятница,жилые,4,1960,5,79.0,0.0,0.0,0.0
8427.0,Среда,жилые,4,1960,5,79.0,0.0,0.0,0.0
8427.0,Суббота,жилые,4,1960,5,79.0,0.0,0.0,0.0
8427.0,Четверг,жилые,4,1960,5,79.0,0.0,0.0,0.0
12174.0,Воскресенье,жилые,2,1978,16,204.0,-1.0,2.0,2.0
12174.0,Вторник,жилые,2,1978,16,204.0,-1.0,2.0,2.0
12174.0,Понедельник,жилые,2,1978,16,204.0,-1.0,2.0,2.0
12174.0,Пятница,жилые,2,1978,16,204.0,-1.0,2.0,2.0
12174.0,Среда,жилые,2,1978,16,204.0,-1.0,2.0,2.0
12174.0,Суббота,жилые,2,1978,16,204.0,-1.0,2.0,2.0
12174.0,Четверг,жилые,2,1978,16,204.0,-1.0,2.0,2.0
12176.0,Воскресенье,жилые,4,1975,9,143.0,-1.0,4.0,0.0
12176.0,Вторник,жилые,4,1975,9,143.0,-1.0,4.0,0.0
12176.0,Понедельник,жилые,4,1975,9,143.0,-1.0,4.0,0.0
12176.0,Пятница,жилые,4,1975,9,143.0,-1.0,4.0,0.0
12176.0,Среда,жилые,4,1975,9,143.0,-1.0,4.0,0.0
12176.0,Суббота,жилые,4,1975,9,143.0,-1.0,4.0,0.0
12176.0,Четверг,жилые,4,1975,9,143.0,-1.0,4.0,0.0
12177.0,Воскресенье,жилые,4,1975,9,144.0,15.0,4.0,0.0
12177.0,Вторник,жилые,4,1975,9,144.0,15.0,4.0,0.0
12177.0,Понедельник,жилые,4,1975,9,144.0,15.0,4.0,0.0
12177.0,Пятница,жилые,4,1975,9,144.0,15.0,4.0,0.0
12177.0,Среда,жилые,4,1975,9,144.0,15.0,4.0,0.0
12177.0,Суббота,жилые,4,1975,9,144.0,15.0,4.0,0.0
12177.0,Четверг,жилые,4,1975,9,144.0,15.0,4.0,0.0
12178.0,Воскресенье,жилые,4,1975,9,144.0,-1.0,4.0,0.0
12178.0,Вторник,жилые,4,1975,9,144.0,-1.0,4.0,0.0
12178.0,Понедельник,жилые,4,1975,9,144.0,-1.0,4.0,0.0
12178.0,Пятница,жилые,4,1975,9,144.0,-1.0,4.0,0.0
12178.0,Среда,жилые,4,1975,9,144.0,-1.0,4.0,0.0
12178.0,Суббота,жилые,4,1975,9,144.0,-1.0,4.0,0.0
12178.0,Четверг,жилые,4,1975,9,144.0,-1.0,4.0,0.0
12179.0,Воскресенье,жилые,4,1975,9,144.0,-1.0,4.0,0.0
12179.0,Вторник,жилые,4,1975,9,144.0,-1.0,4.0,0.0
12179.0,Понедельник,жилые,4,1975,9,144.0,-1.0,4.0,0.0
12179.0,Пятница,жилые,4,1975,9,144.0,-1.0,4.0,0.0
12179.0,Среда,жилые,4,1975,9,144.0,-1.0,4.0,0.0
12179.0,Суббота,жилые,4,1975,9,144.0,-1.0,4.0,0.0
12179.0,Четверг,жилые,4,1975,9,144.0,-1.0,4.0,0.0
12180.0,Воскресенье,жилые,2,1979,16,206.0,-1.0,2.0,2.0
12180.0,Вторник,жилые,2,1979,16,206.0,-1.0,2.0,2.0
12180.0,Понедельник,жилые,2,1979,16,206.0,-1.0,2.0,2.0
12180.0,Пятница,жилые,2,1979,16,206.0,-1.0,2.0,2.0
12180.0,Среда,жилые,2,1979,16,206.0,-1.0,2.0,2.0
12180.0,Суббота,жилые,2,1979,16,206.0,-1.0,2.0,2.0
12180.0,Четверг,жилые,2,1979,16,206.0,-1.0,2.0,2.0
12182.0,Воскресенье,жилые,2,1976,9,178.0,4.0,2.0,0.0
12182.0,Вторник,жилые,2,1976,9,178.0,4.0,2.0,0.0
12182.0,Понедельник,жилые,2,1976,9,178.0,4.0,2.0,0.0
12182.0,Пятница,жилые,2,1976,9,178.0,4.0,2.0,0.0
12182.0,Среда,жилые,2,1976,9,178.0,4.0,2.0,0.0
12182.0,Суббота,жилые,2,1976,9,178.0,4.0,2.0,0.0
12182.0,Четверг,жилые,2,1976,9,178.0,4.0,2.0,0.0
12183.0,Воскресенье,жилые,2,1976,9,174.0,15.0,2.0,0.0
12183.0,Вторник,жилые,2,1976,9,174.0,15.0,2.0,0.0
12183.0,Понедельник,жилые,2,1976,9,174.0,15.0,2.0,0.0
12183.0,Пятница,жилые,2,1976,9,174.0,15.0,2.0,0.0
12183.0,Среда,жилые,2,1976,9,174.0,15.0,2.0,0.0
12183.0,Суббота,жилые,2,1976,9,174.0,15.0,2.0,0.0
12183.0,Четверг,жилые,2,1976,9,174.0,15.0,2.0,0.0
12184.0,Воскресенье,жилые,1,1979,16,110.0,-1.0,1.0,1.0
12184.0,Вторник,жилые,1,1979,16,110.0,-1.0,1.0,1.0
12184.0,Понедельник,жилые,1,1979,16,110.0,-1.0,1.0,1.0
12184.0,Пятница,жилые,1,1979,16,110.0,-1.0,1.0,1.0
12184.0,Среда,жилые,1,1979,16,110.0,-1.0,1.0,1.0
12184.0,Суббота,жилые,1,1979,16,110.0,-1.0,1.0,1.0
12184.0,Четверг,жилые,1,1979,16,110.0,-1.0,1.0,1.0
13634.0,Воскресенье,жилые,4,1976,12,191.0,16.0,8.0,0.0
13634.0,Вторник,жилые,4,1976,12,191.0,16.0,8.0,0.0
13634.0,Понедельник,жилые,4,1976,12,191.0,16.0,8.0,0.0
13634.0,Пятница,жилые,4,1976,12,191.0,16.0,8.0,0.0
13634.0,Среда,жилые,4,1976,12,191.0,16.0,8.0,0.0
13634.0,Суббота,жилые,4,1976,12,191.0,16.0,8.0,0.0
13634.0,Четверг,жилые,4,1976,12,191.0,16.0,8.0,0.0
13635.0,Воскресенье,жилые,4,1975,12,191.0,16.0,8.0,0.0
13635.0,Вторник,жилые,4,1975,12,191.0,16.0,8.0,0.0
13635.0,Понедельник,жилые,4,1975,12,191.0,16.0,8.0,0.0
13635.0,Пятница,жилые,4,1975,12,191.0,16.0,8.0,0.0
13635.0,Среда,жилые,4,1975,12,191.0,16.0,8.0,0.0
13635.0,Суббота,жилые,4,1975,12,191.0,16.0,8.0,0.0
13635.0,Четверг,жилые,4,1975,12,191.0,16.0,8.0,0.0
13637.0,Воскресенье,жилые,4,1976,12,191.0,0.0,8.0,0.0
13637.0,Вторник,жилые,4,1976,12,191.0,0.0,8.0,0.0
13637.0,Понедельник,жилые,4,1976,12,191.0,0.0,8.0,0.0
13637.0,Пятница,жилые,4,1976,12,191.0,0.0,8.0,0.0
13637.0,Среда,жилые,4,1976,12,191.0,0.0,8.0,0.0
13637.0,Суббота,жилые,4,1976,12,191.0,0.0,8.0,0.0
13637.0,Четверг,жилые,4,1976,12,191.0,0.0,8.0,0.0
13638.0,Воскресенье,жилые,8,1977,12,381.0,11.0,16.0,0.0
13638.0,Вторник,жилые,8,1977,12,381.0,11.0,16.0,0.0
13638.0,Понедельник,жилые,8,1977,12,381.0,11.0,16.0,0.0
13638.0,Пятница,жилые,8,1977,12,381.0,11.0,16.0,0.0
13638.0,Среда,жилые,8,1977,12,381.0,11.0,16.0,0.0
13638.0,Суббота,жилые,8,1977,12,381.0,11.0,16.0,0.0
13638.0,Четверг,жилые,8,1977,12,381.0,11.0,16.0,0.0
13639.0,Воскресенье,жилые,4,1976,12,191.0,-1.0,8.0,0.0
13639.0,Вторник,жилые,4,1976,12,191.0,-1.0,8.0,0.0
13639.0,Понедельник,жилые,4,1976,12,191.0,-1.0,8.0,0.0
13639.0,Пятница,жилые,4,1976,12,191.0,-1.0,8.0,0.0
13639.0,Среда,жилые,4,1976,12,191.0,-1.0,8.0,0.0
13639.0,Суббота,жилые,4,1976,12,191.0,-1.0,8.0,0.0
13639.0,Четверг,жилые,4,1976,12,191.0,-1.0,8.0,0.0
13641.0,Воскресенье,жилые,4,1977,12,191.0,16.0,8.0,0.0
13641.0,Вторник,жилые,4,1977,12,191.0,16.0,8.0,0.0
13641.0,Понедельник,жилые,4,1977,12,191.0,16.0,8.0,0.0
13641.0,Пятница,жилые,4,1977,12,191.0,16.0,8.0,0.0
13641.0,Среда,жилые,4,1977,12,191.0,16.0,8.0,0.0
13641.0,Суббота,жилые,4,1977,12,191.0,16.0,8.0,0.0
13641.0,Четверг,жилые,4,1977,12,191.0,16.0,8.0,0.0
13642.0,Воскресенье,жилые,8,1977,12,381.0,18.0,16.0,0.0
13642.0,Вторник,жилые,8,1977,12,381.0,18.0,16.0,0.0
13642.0,Понедельник,жилые,8,1977,12,381.0,18.0,16.0,0.0
13642.0,Пятница,жилые,8,1977,12,381.0,18.0,16.0,0.0
13642.0,Среда,жилые,8,1977,12,381.0,18.0,16.0,0.0
13642.0,Суббота,жилые,8,1977,12,381.0,18.0,16.0,0.0
13642.0,Четверг,жилые,8,1977,12,381.0,18.0,16.0,0.0
13643.0,Воскресенье,жилые,4,1977,12,191.0,0.0,8.0,0.0
13643.0,Вторник,жилые,4,1977,12,191.0,0.0,8.0,0.0
13643.0,Понедельник,жилые,4,1977,12,191.0,0.0,8.0,0.0
13643.0,Пятница,жилые,4,1977,12,191.0,0.0,8.0,0.0
13643.0,Среда,жилые,4,1977,12,191.0,0.0,8.0,0.0
13643.0,Суббота,жилые,4,1977,12,191.0,0.0,8.0,0.0
13643.0,Четверг,жилые,4,1977,12,191.0,0.0,8.0,0.0
13644.0,Воскресенье,жилые,2,1977,16,207.0,14.0,2.0,2.0
13644.0,Вторник,жилые,2,1977,16,207.0,14.0,2.0,2.0
13644.0,Понедельник,жилые,2,1977,16,207.0,14.0,2.0,2.0
13644.0,Пятница,жилые,2,1977,16,207.0,14.0,2.0,2.0
13644.0,Среда,жилые,2,1977,16,207.0,14.0,2.0,2.0
13644.0,Суббота,жилые,2,1977,16,207.0,14.0,2.0,2.0
13644.0,Четверг,жилые,2,1977,16,207.0,14.0,2.0,2.0
15083.0,Воскресенье,жилые,3,1972,9,144.0,31.0,3.0,0.0
15083.0,Вторник,жилые,3,1972,9,144.0,31.0,3.0,0.0
15083.0,Понедельник,жилые,3,1972,9,144.0,31.0,3.0,0.0
15083.0,Пятница,жилые,3,1972,9,144.0,31.0,3.0,0.0
15083.0,Среда,жилые,3,1972,9,144.0,31.0,3.0,0.0
15083.0,Суббота,жилые,3,1972,9,144.0,31.0,3.0,0.0
15083.0,Четверг,жилые,3,1972,9,144.0,31.0,3.0,0.0
15084.0,Воскресенье,жилые,2,1972,9,72.0,-1.0,2.0,0.0
15084.0,Вторник,жилые,2,1972,9,72.0,-1.0,2.0,0.0
15084.0,Понедельник,жилые,2,1972,9,72.0,-1.0,2.0,0.0
15084.0,Пятница,жилые,2,1972,9,72.0,-1.0,2.0,0.0
15084.0,Среда,жилые,2,1972,9,72.0,-1.0,2.0,0.0
15084.0,Суббота,жилые,2,1972,9,72.0,-1.0,2.0,0.0
15084.0,Четверг,жилые,2,1972,9,72.0,-1.0,2.0,0.0
15085.0,Воскресенье,жилые,2,1972,9,72.0,25.0,2.0,0.0
15085.0,Вторник,жилые,2,1972,9,72.0,25.0,2.0,0.0
15085.0,Понедельник,жилые,2,1972,9,72.0,25.0,2.0,0.0
15085.0,Пятница,жилые,2,1972,9,72.0,25.0,2.0,0.0
15085.0,Среда,жилые,2,1972,9,72.0,25.0,2.0,0.0
15085.0,Суббота,жилые,2,1972,9,72.0,25.0,2.0,0.0
15085.0,Четверг,жилые,2,1972,9,72.0,25.0,2.0,0.0
15086.0,Воскресенье,жилые,10,1972,9,357.0,-1.0,10.0,0.0
15086.0,Вторник,жилые,10,1972,9,357.0,-1.0,10.0,0.0
15086.0,Понедельник,жилые,10,1972,9,357.0,-1.0,10.0,0.0
15086.0,Пятница,жилые,10,1972,9,357.0,-1.0,10.0,0.0
15086.0,Среда,жилые,10,1972,9,357.0,-1.0,10.0,0.0
15086.0,Суббота,жилые,10,1972,9,357.0,-1.0,10.0,0.0
15086.0,Четверг,жилые,10,1972,9,357.0,-1.0,10.0,0.0
15087.0,Воскресенье,жилые,2,1975,16,207.0,7.0,2.0,2.0
15087.0,Вторник,жилые,2,1975,16,207.0,7.0,2.0,2.0
15087.0,Понедельник,жилые,2,1975,16,207.0,7.0,2.0,2.0
15087.0,Пятница,жилые,2,1975,16,207.0,7.0,2.0,2.0
15087.0,Среда,жилые,2,1975,16,207.0,7.0,2.0,2.0
15087.0,Суббота,жилые,2,1975,16,207.0,7.0,2.0,2.0
15087.0,Четверг,жилые,2,1975,16,207.0,7.0,2.0,2.0
15088.0,Воскресенье,жилые,4,1975,12,190.0,-1.0,8.0,0.0
15088.0,Вторник,жилые,4,1975,12,190.0,-1.0,8.0,0.0
15088.0,Понедельник,жилые,4,1975,12,190.0,-1.0,8.0,0.0
15088.0,Пятница,жилые,4,1975,12,190.0,-1.0,8.0,0.0
15088.0,Среда,жилые,4,1975,12,190.0,-1.0,8.0,0.0
15088.0,Суббота,жилые,4,1975,12,190.0,-1.0,8.0,0.0
15088.0,Четверг,жилые,4,1975,12,190.0,-1.0,8.0,0.0
15089.0,Воскресенье,жилые,10,1972,9,358.0,-1.0,10.0,0.0
15089.0,Вторник,жилые,10,1972,9,358.0,-1.0,10.0,0.0
15089.0,Понедельник,жилые,10,1972,9,358.0,-1.0,10.0,0.0
15089.0,Пятница,жилые,10,1972,9,358.0,-1.0,10.0,0.0
15089.0,Среда,жилые,10,1972,9,358.0,-1.0,10.0,0.0
15089.0,Суббота,жилые,10,1972,9,358.0,-1.0,10.0,0.0
15089.0,Четверг,жилые,10,1972,9,358.0,-1.0,10.0,0.0
15090.0,Воскресенье,жилые,4,1973,9,144.0,-1.0,4.0,0.0
15090.0,Вторник,жилые,4,1973,9,144.0,-1.0,4.0,0.0
15090.0,Понедельник,жилые,4,1973,9,144.0,-1.0,4.0,0.0
15090.0,Пятница,жилые,4,1973,9,144.0,-1.0,4.0,0.0
15090.0,Среда,жилые,4,1973,9,144.0,-1.0,4.0,0.0
15090.0,Суббота,жилые,4,1973,9,144.0,-1.0,4.0,0.0
15090.0,Четверг,жилые,4,1973,9,144.0,-1.0,4.0,0.0
15091.0,Воскресенье,жилые,2,1973,9,71.0,-1.0,2.0,0.0
15091.0,Вторник,жилые,2,1973,9,71.0,-1.0,2.0,0.0
15091.0,Понедельник,жилые,2,1973,9,71.0,-1.0,2.0,0.0
15091.0,Пятница,жилые,2,1973,9,71.0,-1.0,2.0,0.0
15091.0,Среда,жилые,2,1973,9,71.0,-1.0,2.0,0.0
15091.0,Суббота,жилые,2,1973,9,71.0,-1.0,2.0,0.0
15091.0,Четверг,жилые,2,1973,9,71.0,-1.0,2.0,0.0
15092.0,Воскресенье,жилые,2,1973,9,72.0,-1.0,2.0,0.0
15092.0,Вторник,жилые,2,1973,9,72.0,-1.0,2.0,0.0
15092.0,Понедельник,жилые,2,1973,9,72.0,-1.0,2.0,0.0
15092.0,Пятница,жилые,2,1973,9,72.0,-1.0,2.0,0.0
15092.0,Среда,жилые,2,1973,9,72.0,-1.0,2.0,0.0
15092.0,Суббота,жилые,2,1973,9,72.0,-1.0,2.0,0.0
15092.0,Четверг,жилые,2,1973,9,72.0,-1.0,2.0,0.0
15093.0,Воскресенье,жилые,6,1973,9,214.0,10.0,6.0,0.0
15093.0,Вторник,жилые,6,1973,9,214.0,10.0,6.0,0.0
15093.0,Понедельник,жилые,6,1973,9,214.0,10.0,6.0,0.0
15093.0,Пятница,жилые,6,1973,9,214.0,10.0,6.0,0.0
15093.0,Среда,жилые,6,1973,9,214.0,10.0,6.0,0.0
15093.0,Суббота,жилые,6,1973,9,214.0,10.0,6.0,0.0
15093.0,Четверг,жилые,6,1973,9,214.0,10.0,6.0,0.0
15094.0,Воскресенье,жилые,6,1974,12,286.0,30.0,12.0,0.0
15094.0,Вторник,жилые,6,1974,12,286.0,30.0,12.0,0.0
15094.0,Понедельник,жилые,6,1974,12,286.0,30.0,12.0,0.0
15094.0,Пятница,жилые,6,1974,12,286.0,30.0,12.0,0.0
15094.0,Среда,жилые,6,1974,12,286.0,30.0,12.0,0.0
15094.0,Суббота,жилые,6,1974,12,286.0,30.0,12.0,0.0
15094.0,Четверг,жилые,6,1974,12,286.0,30.0,12.0,0.0
15095.0,Воскресенье,жилые,4,1973,9,143.0,30.0,4.0,0.0
15095.0,Вторник,жилые,4,1973,9,143.0,30.0,4.0,0.0
15095.0,Понедельник,жилые,4,1973,9,143.0,30.0,4.0,0.0
15095.0,Пятница,жилые,4,1973,9,143.0,30.0,4.0,0.0
15095.0,Среда,жилые,4,1973,9,143.0,30.0,4.0,0.0
15095.0,Суббота,жилые,4,1973,9,143.0,30.0,4.0,0.0
15095.0,Четверг,жилые,4,1973,9,143.0,30.0,4.0,0.0
15096.0,Воскресенье,жилые,2,1973,9,68.0,24.0,2.0,0.0
15096.0,Вторник,жилые,2,1973,9,68.0,24.0,2.0,0.0
15096.0,Понедельник,жилые,2,1973,9,68.0,24.0,2.0,0.0
15096.0,Пятница,жилые,2,1973,9,68.0,24.0,2.0,0.0
15096.0,Среда,жилые,2,1973,9,68.0,24.0,2.0,0.0
15096.0,Суббота,жилые,2,1973,9,68.0,24.0,2.0,0.0
15096.0,Четверг,жилые,2,1973,9,68.0,24.0,2.0,0.0
15097.0,Воскресенье,жилые,2,1973,9,72.0,10.0,2.0,0.0
15097.0,Вторник,жилые,2,1973,9,72.0,10.0,2.0,0.0
15097.0,Понедельник,жилые,2,1973,9,72.0,10.0,2.0,0.0
15097.0,Пятница,жилые,2,1973,9,72.0,10.0,2.0,0.0
15097.0,Среда,жилые,2,1973,9,72.0,10.0,2.0,0.0
15097.0,Суббота,жилые,2,1973,9,72.0,10.0,2.0,0.0
15097.0,Четверг,жилые,2,1973,9,72.0,10.0,2.0,0.0
15098.0,Воскресенье,жилые,10,1973,9,358.0,-1.0,10.0,0.0
15098.0,Вторник,жилые,10,1973,9,358.0,-1.0,10.0,0.0
15098.0,Понедельник,жилые,10,1973,9,358.0,-1.0,10.0,0.0
15098.0,Пятница,жилые,10,1973,9,358.0,-1.0,10.0,0.0
15098.0,Среда,жилые,10,1973,9,358.0,-1.0,10.0,0.0
15098.0,Суббота,жилые,10,1973,9,358.0,-1.0,10.0,0.0
15098.0,Четверг,жилые,10,1973,9,358.0,-1.0,10.0,0.0
15099.0,Воскресенье,жилые,4,1973,9,144.0,10.0,4.0,0.0
15099.0,Вторник,жилые,4,1973,9,144.0,10.0,4.0,0.0
15099.0,Понедельник,жилые,4,1973,9,144.0,10.0,4.0,0.0
15099.0,Пятница,жилые,4,1973,9,144.0,10.0,4.0,0.0
15099.0,Среда,жилые,4,1973,9,144.0,10.0,4.0,0.0
15099.0,Суббота,жилые,4,1973,9,144.0,10.0,4.0,0.0
15099.0,Четверг,жилые,4,1973,9,144.0,10.0,4.0,0.0
15100.0,Воскресенье,жилые,2,1973,9,70.0,25.0,2.0,0.0
15100.0,Вторник,жилые,2,1973,9,70.0,25.0,2.0,0.0
15100.0,Понедельник,жилые,2,1973,9,70.0,25.0,2.0,0.0
15100.0,Пятница,жилые,2,1973,9,70.0,25.0,2.0,0.0
15100.0,Среда,жилые,2,1973,9,70.0,25.0,2.0,0.0
15100.0,Суббота,жилые,2,1973,9,70.0,25.0,2.0,0.0
15100.0,Четверг,жилые,2,1973,9,70.0,25.0,2.0,0.0
15101.0,Воскресенье,жилые,2,1973,9,72.0,-1.0,2.0,0.0
15101.0,Вторник,жилые,2,1973,9,72.0,-1.0,2.0,0.0
15101.0,Понедельник,жилые,2,1973,9,72.0,-1.0,2.0,0.0
15101.0,Пятница,жилые,2,1973,9,72.0,-1.0,2.0,0.0
15101.0,Среда,жилые,2,1973,9,72.0,-1.0,2.0,0.0
15101.0,Суббота,жилые,2,1973,9,72.0,-1.0,2.0,0.0
15101.0,Четверг,жилые,2,1973,9,72.0,-1.0,2.0,0.0
15102.0,Воскресенье,жилые,10,1973,9,358.0,-1.0,10.0,0.0
15102.0,Вторник,жилые,10,1973,9,358.0,-1.0,10.0,0.0
15102.0,Понедельник,жилые,10,1973,9,358.0,-1.0,10.0,0.0
15102.0,Пятница,жилые,10,1973,9,358.0,-1.0,10.0,0.0
15102.0,Среда,жилые,10,1973,9,358.0,-1.0,10.0,0.0
15102.0,Суббота,жилые,10,1973,9,358.0,-1.0,10.0,0.0
15102.0,Четверг,жилые,10,1973,9,358.0,-1.0,10.0,0.0
15104.0,Воскресенье,жилые,1,1972,14,95.0,-1.0,2.0,0.0
15104.0,Вторник,жилые,1,1972,14,95.0,-1.0,2.0,0.0
15104.0,Понедельник,жилые,1,1972,14,95.0,-1.0,2.0,0.0
15104.0,Пятница,жилые,1,1972,14,95.0,-1.0,2.0,0.0
15104.0,Среда,жилые,1,1972,14,95.0,-1.0,2.0,0.0
15104.0,Суббота,жилые,1,1972,14,95.0,-1.0,2.0,0.0
15104.0,Четверг,жилые,1,1972,14,95.0,-1.0,2.0,0.0
15105.0,Воскресенье,жилые,3,1974,12,168.0,8.0,3.0,3.0
15105.0,Вторник,жилые,3,1974,12,168.0,8.0,3.0,3.0
15105.0,Понедельник,жилые,3,1974,12,168.0,8.0,3.0,3.0
15105.0,Пятница,жилые,3,1974,12,168.0,8.0,3.0,3.0
15105.0,Среда,жилые,3,1974,12,168.0,8.0,3.0,3.0
15105.0,Суббота,жилые,3,1974,12,168.0,8.0,3.0,3.0
15105.0,Четверг,жилые,3,1974,12,168.0,8.0,3.0,3.0
15106.0,Воскресенье,жилые,3,1974,12,168.0,8.0,3.0,3.0
15106.0,Вторник,жилые,3,1974,12,168.0,8.0,3.0,3.0
15106.0,Понедельник,жилые,3,1974,12,168.0,8.0,3.0,3.0
15106.0,Пятница,жилые,3,1974,12,168.0,8.0,3.0,3.0
15106.0,Среда,жилые,3,1974,12,168.0,8.0,3.0,3.0
15106.0,Суббота,жилые,3,1974,12,168.0,8.0,3.0,3.0
15106.0,Четверг,жилые,3,1974,12,168.0,8.0,3.0,3.0
15107.0,Воскресенье,жилые,3,1974,12,168.0,-1.0,3.0,3.0
15107.0,Вторник,жилые,3,1974,12,168.0,-1.0,3.0,3.0
15107.0,Понедельник,жилые,3,1974,12,168.0,-1.0,3.0,3.0
15107.0,Пятница,жилые,3,1974,12,168.0,-1.0,3.0,3.0
15107.0,Среда,жилые,3,1974,12,168.0,-1.0,3.0,3.0
15107.0,Суббота,жилые,3,1974,12,168.0,-1.0,3.0,3.0
15107.0,Четверг,жилые,3,1974,12,168.0,-1.0,3.0,3.0
15108.0,Воскресенье,жилые,10,1970,9,357.0,23.0,10.0,0.0
15108.0,Вторник,жилые,10,1970,9,357.0,23.0,10.0,0.0
15108.0,Понедельник,жилые,10,1970,9,357.0,23.0,10.0,0.0
15108.0,Пятница,жилые,10,1970,9,357.0,23.0,10.0,0.0
15108.0,Среда,жилые,10,1970,9,357.0,23.0,10.0,0.0
15108.0,Суббота,жилые,10,1970,9,357.0,23.0,10.0,0.0
15108.0,Четверг,жилые,10,1970,9,357.0,23.0,10.0,0.0
15109.0,Воскресенье,жилые,10,1970,9,358.0,17.0,10.0,0.0
15109.0,Вторник,жилые,10,1970,9,358.0,17.0,10.0,0.0
15109.0,Понедельник,жилые,10,1970,9,358.0,17.0,10.0,0.0
15109.0,Пятница,жилые,10,1970,9,358.0,17.0,10.0,0.0
15109.0,Среда,жилые,10,1970,9,358.0,17.0,10.0,0.0
15109.0,Суббота,жилые,10,1970,9,358.0,17.0,10.0,0.0
15109.0,Четверг,жилые,10,1970,9,358.0,17.0,10.0,0.0
15110.0,Воскресенье,жилые,4,1969,9,144.0,-1.0,4.0,0.0
15110.0,Вторник,жилые,4,1969,9,144.0,-1.0,4.0,0.0
15110.0,Понедельник,жилые,4,1969,9,144.0,-1.0,4.0,0.0
15110.0,Пятница,жилые,4,1969,9,144.0,-1.0,4.0,0.0
15110.0,Среда,жилые,4,1969,9,144.0,-1.0,4.0,0.0
15110.0,Суббота,жилые,4,1969,9,144.0,-1.0,4.0,0.0
15110.0,Четверг,жилые,4,1969,9,144.0,-1.0,4.0,0.0
15111.0,Воскресенье,жилые,4,1969,9,144.0,-1.0,4.0,0.0
15111.0,Вторник,жилые,4,1969,9,144.0,-1.0,4.0,0.0
15111.0,Понедельник,жилые,4,1969,9,144.0,-1.0,4.0,0.0
15111.0,Пятница,жилые,4,1969,9,144.0,-1.0,4.0,0.0
15111.0,Среда,жилые,4,1969,9,144.0,-1.0,4.0,0.0
15111.0,Суббота,жилые,4,1969,9,144.0,-1.0,4.0,0.0
15111.0,Четверг,жилые,4,1969,9,144.0,-1.0,4.0,0.0
15112.0,Воскресенье,жилые,4,1968,9,144.0,23.0,4.0,0.0
15112.0,Вторник,жилые,4,1968,9,144.0,23.0,4.0,0.0
15112.0,Понедельник,жилые,4,1968,9,144.0,23.0,4.0,0.0
15112.0,Пятница,жилые,4,1968,9,144.0,23.0,4.0,0.0
15112.0,Среда,жилые,4,1968,9,144.0,23.0,4.0,0.0
15112.0,Суббота,жилые,4,1968,9,144.0,23.0,4.0,0.0
15112.0,Четверг,жилые,4,1968,9,144.0,23.0,4.0,0.0
15113.0,Воскресенье,жилые,10,1971,9,358.0,-1.0,10.0,0.0
15113.0,Вторник,жилые,10,1971,9,358.0,-1.0,10.0,0.0
15113.0,Понедельник,жилые,10,1971,9,358.0,-1.0,10.0,0.0
15113.0,Пятница,жилые,10,1971,9,358.0,-1.0,10.0,0.0
15113.0,Среда,жилые,10,1971,9,358.0,-1.0,10.0,0.0
15113.0,Суббота,жилые,10,1971,9,358.0,-1.0,10.0,0.0
15113.0,Четверг,жилые,10,1971,9,358.0,-1.0,10.0,0.0
15116.0,Воскресенье,жилые,4,1968,9,143.0,-1.0,4.0,0.0
15116.0,Вторник,жилые,4,1968,9,143.0,-1.0,4.0,0.0
15116.0,Понедельник,жилые,4,1968,9,143.0,-1.0,4.0,0.0
15116.0,Пятница,жилые,4,1968,9,143.0,-1.0,4.0,0.0
15116.0,Среда,жилые,4,1968,9,143.0,-1.0,4.0,0.0
15116.0,Суббота,жилые,4,1968,9,143.0,-1.0,4.0,0.0
15116.0,Четверг,жилые,4,1968,9,143.0,-1.0,4.0,0.0
15117.0,Воскресенье,жилые,4,1969,9,144.0,-1.0,4.0,0.0
15117.0,Вторник,жилые,4,1969,9,144.0,-1.0,4.0,0.0
15117.0,Понедельник,жилые,4,1969,9,144.0,-1.0,4.0,0.0
15117.0,Пятница,жилые,4,1969,9,144.0,-1.0,4.0,0.0
15117.0,Среда,жилые,4,1969,9,144.0,-1.0,4.0,0.0
15117.0,Суббота,жилые,4,1969,9,144.0,-1.0,4.0,0.0
15117.0,Четверг,жилые,4,1969,9,144.0,-1.0,4.0,0.0
15118.0,Воскресенье,жилые,4,1970,9,144.0,-1.0,4.0,0.0
15118.0,Вторник,жилые,4,1970,9,144.0,-1.0,4.0,0.0
15118.0,Понедельник,жилые,4,1970,9,144.0,-1.0,4.0,0.0
15118.0,Пятница,жилые,4,1970,9,144.0,-1.0,4.0,0.0
15118.0,Среда,жилые,4,1970,9,144.0,-1.0,4.0,0.0
15118.0,Суббота,жилые,4,1970,9,144.0,-1.0,4.0,0.0
15118.0,Четверг,жилые,4,1970,9,144.0,-1.0,4.0,0.0
15120.0,Воскресенье,жилые,1,1968,12,84.0,-1.0,2.0,0.0
15120.0,Вторник,жилые,1,1968,12,84.0,-1.0,2.0,0.0
15120.0,Понедельник,жилые,1,1968,12,84.0,-1.0,2.0,0.0
15120.0,Пятница,жилые,1,1968,12,84.0,-1.0,2.0,0.0
15120.0,Среда,жилые,1,1968,12,84.0,-1.0,2.0,0.0
15120.0,Суббота,жилые,1,1968,12,84.0,-1.0,2.0,0.0
15120.0,Четверг,жилые,1,1968,12,84.0,-1.0,2.0,0.0
15121.0,Воскресенье,жилые,1,1968,12,77.0,-1.0,2.0,0.0
15121.0,Вторник,жилые,1,1968,12,77.0,-1.0,2.0,0.0
15121.0,Понедельник,жилые,1,1968,12,77.0,-1.0,2.0,0.0
15121.0,Пятница,жилые,1,1968,12,77.0,-1.0,2.0,0.0
15121.0,Среда,жилые,1,1968,12,77.0,-1.0,2.0,0.0
15121.0,Суббота,жилые,1,1968,12,77.0,-1.0,2.0,0.0
15121.0,Четверг,жилые,1,1968,12,77.0,-1.0,2.0,0.0
15122.0,Воскресенье,жилые,4,1973,9,142.0,-1.0,4.0,0.0
15122.0,Вторник,жилые,4,1973,9,142.0,-1.0,4.0,0.0
15122.0,Понедельник,жилые,4,1973,9,142.0,-1.0,4.0,0.0
15122.0,Пятница,жилые,4,1973,9,142.0,-1.0,4.0,0.0
15122.0,Среда,жилые,4,1973,9,142.0,-1.0,4.0,0.0
15122.0,Суббота,жилые,4,1973,9,142.0,-1.0,4.0,0.0
15122.0,Четверг,жилые,4,1973,9,142.0,-1.0,4.0,0.0
15123.0,Воскресенье,жилые,1,1972,12,96.0,-1.0,2.0,0.0
15123.0,Вторник,жилые,1,1972,12,96.0,-1.0,2.0,0.0
15123.0,Понедельник,жилые,1,1972,12,96.0,-1.0,2.0,0.0
15123.0,Пятница,жилые,1,1972,12,96.0,-1.0,2.0,0.0
15123.0,Среда,жилые,1,1972,12,96.0,-1.0,2.0,0.0
15123.0,Суббота,жилые,1,1972,12,96.0,-1.0,2.0,0.0
15123.0,Четверг,жилые,1,1972,12,96.0,-1.0,2.0,0.0
15124.0,Воскресенье,жилые,1,1973,12,96.0,-1.0,2.0,0.0
15124.0,Вторник,жилые,1,1973,12,96.0,-1.0,2.0,0.0
15124.0,Понедельник,жилые,1,1973,12,96.0,-1.0,2.0,0.0
15124.0,Пятница,жилые,1,1973,12,96.0,-1.0,2.0,0.0
15124.0,Среда,жилые,1,1973,12,96.0,-1.0,2.0,0.0
15124.0,Суббота,жилые,1,1973,12,96.0,-1.0,2.0,0.0
15124.0,Четверг,жилые,1,1973,12,96.0,-1.0,2.0,0.0
15125.0,Воскресенье,жилые,10,1970,9,353.0,-1.0,10.0,0.0
15125.0,Вторник,жилые,10,1970,9,353.0,-1.0,10.0,0.0
15125.0,Понедельник,жилые,10,1970,9,353.0,-1.0,10.0,0.0
15125.0,Пятница,жилые,10,1970,9,353.0,-1.0,10.0,0.0
15125.0,Среда,жилые,10,1970,9,353.0,-1.0,10.0,0.0
15125.0,Суббота,жилые,10,1970,9,353.0,-1.0,10.0,0.0
15125.0,Четверг,жилые,10,1970,9,353.0,-1.0,10.0,0.0
15126.0,Воскресенье,жилые,10,1969,9,358.0,-1.0,10.0,0.0
15126.0,Вторник,жилые,10,1969,9,358.0,-1.0,10.0,0.0
15126.0,Понедельник,жилые,10,1969,9,358.0,-1.0,10.0,0.0
15126.0,Пятница,жилые,10,1969,9,358.0,-1.0,10.0,0.0
15126.0,Среда,жилые,10,1969,9,358.0,-1.0,10.0,0.0
15126.0,Суббота,жилые,10,1969,9,358.0,-1.0,10.0,0.0
15126.0,Четверг,жилые,10,1969,9,358.0,-1.0,10.0,0.0
15127.0,Воскресенье,жилые,4,1970,9,144.0,25.0,4.0,0.0
15127.0,Вторник,жилые,4,1970,9,144.0,25.0,4.0,0.0
15127.0,Понедельник,жилые,4,1970,9,144.0,25.0,4.0,0.0
15127.0,Пятница,жилые,4,1970,9,144.0,25.0,4.0,0.0
15127.0,Среда,жилые,4,1970,9,144.0,25.0,4.0,0.0
15127.0,Суббота,жилые,4,1970,9,144.0,25.0,4.0,0.0
15127.0,Четверг,жилые,4,1970,9,144.0,25.0,4.0,0.0
15128.0,Воскресенье,жилые,4,1969,9,144.0,23.0,4.0,0.0
15128.0,Вторник,жилые,4,1969,9,144.0,23.0,4.0,0.0
15128.0,Понедельник,жилые,4,1969,9,144.0,23.0,4.0,0.0
15128.0,Пятница,жилые,4,1969,9,144.0,23.0,4.0,0.0
15128.0,Среда,жилые,4,1969,9,144.0,23.0,4.0,0.0
15128.0,Суббота,жилые,4,1969,9,144.0,23.0,4.0,0.0
15128.0,Четверг,жилые,4,1969,9,144.0,23.0,4.0,0.0
15129.0,Воскресенье,жилые,4,1968,9,144.0,-1.0,4.0,0.0
15129.0,Вторник,жилые,4,1968,9,144.0,-1.0,4.0,0.0
15129.0,Понедельник,жилые,4,1968,9,144.0,-1.0,4.0,0.0
15129.0,Пятница,жилые,4,1968,9,144.0,-1.0,4.0,0.0
15129.0,Среда,жилые,4,1968,9,144.0,-1.0,4.0,0.0
15129.0,Суббота,жилые,4,1968,9,144.0,-1.0,4.0,0.0
15129.0,Четверг,жилые,4,1968,9,144.0,-1.0,4.0,0.0
15131.0,Воскресенье,жилые,1,1970,12,84.0,-1.0,2.0,0.0
15131.0,Вторник,жилые,1,1970,12,84.0,-1.0,2.0,0.0
15131.0,Понедельник,жилые,1,1970,12,84.0,-1.0,2.0,0.0
15131.0,Пятница,жилые,1,1970,12,84.0,-1.0,2.0,0.0
15131.0,Среда,жилые,1,1970,12,84.0,-1.0,2.0,0.0
15131.0,Суббота,жилые,1,1970,12,84.0,-1.0,2.0,0.0
15131.0,Четверг,жилые,1,1970,12,84.0,-1.0,2.0,0.0
15132.0,Воскресенье,жилые,1,1970,12,84.0,-1.0,2.0,0.0
15132.0,Вторник,жилые,1,1970,12,84.0,-1.0,2.0,0.0
15132.0,Понедельник,жилые,1,1970,12,84.0,-1.0,2.0,0.0
15132.0,Пятница,жилые,1,1970,12,84.0,-1.0,2.0,0.0
15132.0,Среда,жилые,1,1970,12,84.0,-1.0,2.0,0.0
15132.0,Суббота,жилые,1,1970,12,84.0,-1.0,2.0,0.0
15132.0,Четверг,жилые,1,1970,12,84.0,-1.0,2.0,0.0
15133.0,Воскресенье,жилые,6,1973,9,215.0,-1.0,6.0,0.0
15133.0,Вторник,жилые,6,1973,9,215.0,-1.0,6.0,0.0
15133.0,Понедельник,жилые,6,1973,9,215.0,-1.0,6.0,0.0
15133.0,Пятница,жилые,6,1973,9,215.0,-1.0,6.0,0.0
15133.0,Среда,жилые,6,1973,9,215.0,-1.0,6.0,0.0
15133.0,Суббота,жилые,6,1973,9,215.0,-1.0,6.0,0.0
15133.0,Четверг,жилые,6,1973,9,215.0,-1.0,6.0,0.0
15134.0,Воскресенье,жилые,1,1974,14,95.0,-1.0,2.0,0.0
15134.0,Вторник,жилые,1,1974,14,95.0,-1.0,2.0,0.0
15134.0,Понедельник,жилые,1,1974,14,95.0,-1.0,2.0,0.0
15134.0,Пятница,жилые,1,1974,14,95.0,-1.0,2.0,0.0
15134.0,Среда,жилые,1,1974,14,95.0,-1.0,2.0,0.0
15134.0,Суббота,жилые,1,1974,14,95.0,-1.0,2.0,0.0
15134.0,Четверг,жилые,1,1974,14,95.0,-1.0,2.0,0.0
15135.0,Воскресенье,жилые,10,1972,9,358.0,-1.0,10.0,0.0
15135.0,Вторник,жилые,10,1972,9,358.0,-1.0,10.0,0.0
15135.0,Понедельник,жилые,10,1972,9,358.0,-1.0,10.0,0.0
15135.0,Пятница,жилые,10,1972,9,358.0,-1.0,10.0,0.0
15135.0,Среда,жилые,10,1972,9,358.0,-1.0,10.0,0.0
15135.0,Суббота,жилые,10,1972,9,358.0,-1.0,10.0,0.0
15135.0,Четверг,жилые,10,1972,9,358.0,-1.0,10.0,0.0
15137.0,Воскресенье,жилые,4,1969,9,144.0,-1.0,4.0,0.0
15137.0,Вторник,жилые,4,1969,9,144.0,-1.0,4.0,0.0
15137.0,Понедельник,жилые,4,1969,9,144.0,-1.0,4.0,0.0
15137.0,Пятница,жилые,4,1969,9,144.0,-1.0,4.0,0.0
15137.0,Среда,жилые,4,1969,9,144.0,-1.0,4.0,0.0
15137.0,Суббота,жилые,4,1969,9,144.0,-1.0,4.0,0.0
15137.0,Четверг,жилые,4,1969,9,144.0,-1.0,4.0,0.0
15138.0,Воскресенье,жилые,4,1973,9,144.0,5.0,4.0,0.0
15138.0,Вторник,жилые,4,1973,9,144.0,5.0,4.0,0.0
15138.0,Понедельник,жилые,4,1973,9,144.0,5.0,4.0,0.0
15138.0,Пятница,жилые,4,1973,9,144.0,5.0,4.0,0.0
15138.0,Среда,жилые,4,1973,9,144.0,5.0,4.0,0.0
15138.0,Суббота,жилые,4,1973,9,144.0,5.0,4.0,0.0
15138.0,Четверг,жилые,4,1973,9,144.0,5.0,4.0,0.0
15139.0,Воскресенье,жилые,4,1974,9,144.0,-1.0,4.0,0.0
15139.0,Вторник,жилые,4,1974,9,144.0,-1.0,4.0,0.0
15139.0,Понедельник,жилые,4,1974,9,144.0,-1.0,4.0,0.0
15139.0,Пятница,жилые,4,1974,9,144.0,-1.0,4.0,0.0
15139.0,Среда,жилые,4,1974,9,144.0,-1.0,4.0,0.0
15139.0,Суббота,жилые,4,1974,9,144.0,-1.0,4.0,0.0
15139.0,Четверг,жилые,4,1974,9,144.0,-1.0,4.0,0.0
15712.0,Воскресенье,жилые,3,1960,4,48.0,-1.0,0.0,0.0
15712.0,Вторник,жилые,3,1960,4,48.0,-1.0,0.0,0.0
15712.0,Понедельник,жилые,3,1960,4,48.0,-1.0,0.0,0.0
15712.0,Пятница,жилые,3,1960,4,48.0,-1.0,0.0,0.0
15712.0,Среда,жилые,3,1960,4,48.0,-1.0,0.0,0.0
15712.0,Суббота,жилые,3,1960,4,48.0,-1.0,0.0,0.0
15712.0,Четверг,жилые,3,1960,4,48.0,-1.0,0.0,0.0
15715.0,Воскресенье,жилые,4,1974,9,143.0,21.0,4.0,0.0
15715.0,Вторник,жилые,4,1974,9,143.0,21.0,4.0,0.0
15715.0,Понедельник,жилые,4,1974,9,143.0,21.0,4.0,0.0
15715.0,Пятница,жилые,4,1974,9,143.0,21.0,4.0,0.0
15715.0,Среда,жилые,4,1974,9,143.0,21.0,4.0,0.0
15715.0,Суббота,жилые,4,1974,9,143.0,21.0,4.0,0.0
15715.0,Четверг,жилые,4,1974,9,143.0,21.0,4.0,0.0
15716.0,Воскресенье,жилые,4,1969,9,143.0,-1.0,4.0,0.0
15716.0,Вторник,жилые,4,1969,9,143.0,-1.0,4.0,0.0
15716.0,Понедельник,жилые,4,1969,9,143.0,-1.0,4.0,0.0
15716.0,Пятница,жилые,4,1969,9,143.0,-1.0,4.0,0.0
15716.0,Среда,жилые,4,1969,9,143.0,-1.0,4.0,0.0
15716.0,Суббота,жилые,4,1969,9,143.0,-1.0,4.0,0.0
15716.0,Четверг,жилые,4,1969,9,143.0,-1.0,4.0,0.0
15717.0,Воскресенье,жилые,4,1968,9,142.0,-1.0,4.0,0.0
15717.0,Вторник,жилые,4,1968,9,142.0,-1.0,4.0,0.0
15717.0,Понедельник,жилые,4,1968,9,142.0,-1.0,4.0,0.0
15717.0,Пятница,жилые,4,1968,9,142.0,-1.0,4.0,0.0
15717.0,Среда,жилые,4,1968,9,142.0,-1.0,4.0,0.0
15717.0,Суббота,жилые,4,1968,9,142.0,-1.0,4.0,0.0
15717.0,Четверг,жилые,4,1968,9,142.0,-1.0,4.0,0.0
15718.0,Воскресенье,жилые,4,1969,9,143.0,-1.0,4.0,0.0
15718.0,Вторник,жилые,4,1969,9,143.0,-1.0,4.0,0.0
15718.0,Понедельник,жилые,4,1969,9,143.0,-1.0,4.0,0.0
15718.0,Пятница,жилые,4,1969,9,143.0,-1.0,4.0,0.0
15718.0,Среда,жилые,4,1969,9,143.0,-1.0,4.0,0.0
15718.0,Суббота,жилые,4,1969,9,143.0,-1.0,4.0,0.0
15718.0,Четверг,жилые,4,1969,9,143.0,-1.0,4.0,0.0
22704.0,Воскресенье,жилые,4,1967,5,80.0,-1.0,0.0,0.0
22704.0,Вторник,жилые,4,1967,5,80.0,-1.0,0.0,0.0
22704.0,Понедельник,жилые,4,1967,5,80.0,-1.0,0.0,0.0
22704.0,Пятница,жилые,4,1967,5,80.0,-1.0,0.0,0.0
22704.0,Среда,жилые,4,1967,5,80.0,-1.0,0.0,0.0
22704.0,Суббота,жилые,4,1967,5,80.0,-1.0,0.0,0.0
22704.0,Четверг,жилые,4,1967,5,80.0,-1.0,0.0,0.0
22705.0,Воскресенье,жилые,4,1967,5,80.0,-1.0,0.0,0.0
22705.0,Вторник,жилые,4,1967,5,80.0,-1.0,0.0,0.0
22705.0,Понедельник,жилые,4,1967,5,80.0,-1.0,0.0,0.0
22705.0,Пятница,жилые,4,1967,5,80.0,-1.0,0.0,0.0
22705.0,Среда,жилые,4,1967,5,80.0,-1.0,0.0,0.0
22705.0,Суббота,жилые,4,1967,5,80.0,-1.0,0.0,0.0
22705.0,Четверг,жилые,4,1967,5,80.0,-1.0,0.0,0.0
22706.0,Воскресенье,жилые,4,1966,5,80.0,-1.0,0.0,0.0
22706.0,Вторник,жилые,4,1966,5,80.0,-1.0,0.0,0.0
22706.0,Понедельник,жилые,4,1966,5,80.0,-1.0,0.0,0.0
22706.0,Пятница,жилые,4,1966,5,80.0,-1.0,0.0,0.0
22706.0,Среда,жилые,4,1966,5,80.0,-1.0,0.0,0.0
22706.0,Суббота,жилые,4,1966,5,80.0,-1.0,0.0,0.0
22706.0,Четверг,жилые,4,1966,5,80.0,-1.0,0.0,0.0
22707.0,Воскресенье,жилые,8,1981,9,287.0,-1.0,8.0,0.0
22707.0,Вторник,жилые,8,1981,9,287.0,-1.0,8.0,0.0
22707.0,Понедельник,жилые,8,1981,9,287.0,-1.0,8.0,0.0
22707.0,Пятница,жилые,8,1981,9,287.0,-1.0,8.0,0.0
22707.0,Среда,жилые,8,1981,9,287.0,-1.0,8.0,0.0
22707.0,Суббота,жилые,8,1981,9,287.0,-1.0,8.0,0.0
22707.0,Четверг,жилые,8,1981,9,287.0,-1.0,8.0,0.0
22758.0,Воскресенье,жилые,4,1973,9,144.0,10.0,4.0,0.0
22758.0,Вторник,жилые,4,1973,9,144.0,10.0,4.0,0.0
22758.0,Понедельник,жилые,4,1973,9,144.0,10.0,4.0,0.0
22758.0,Пятница,жилые,4,1973,9,144.0,10.0,4.0,0.0
22758.0,Среда,жилые,4,1973,9,144.0,10.0,4.0,0.0
22758.0,Суббота,жилые,4,1973,9,144.0,10.0,4.0,0.0
22758.0,Четверг,жилые,4,1973,9,144.0,10.0,4.0,0.0
22759.0,Воскресенье,жилые,8,1973,12,382.0,-1.0,16.0,0.0
22759.0,Вторник,жилые,8,1973,12,382.0,-1.0,16.0,0.0
22759.0,Понедельник,жилые,8,1973,12,382.0,-1.0,16.0,0.0
22759.0,Пятница,жилые,8,1973,12,382.0,-1.0,16.0,0.0
22759.0,Среда,жилые,8,1973,12,382.0,-1.0,16.0,0.0
22759.0,Суббота,жилые,8,1973,12,382.0,-1.0,16.0,0.0
22759.0,Четверг,жилые,8,1973,12,382.0,-1.0,16.0,0.0
22760.0,Воскресенье,жилые,6,1973,9,216.0,-1.0,6.0,0.0
22760.0,Вторник,жилые,6,1973,9,216.0,-1.0,6.0,0.0
22760.0,Понедельник,жилые,6,1973,9,216.0,-1.0,6.0,0.0
22760.0,Пятница,жилые,6,1973,9,216.0,-1.0,6.0,0.0
22760.0,Среда,жилые,6,1973,9,216.0,-1.0,6.0,0.0
22760.0,Суббота,жилые,6,1973,9,216.0,-1.0,6.0,0.0
22760.0,Четверг,жилые,6,1973,9,216.0,-1.0,6.0,0.0
22761.0,Воскресенье,жилые,2,1975,16,207.0,18.0,2.0,2.0
22761.0,Вторник,жилые,2,1975,16,207.0,18.0,2.0,2.0
22761.0,Понедельник,жилые,2,1975,16,207.0,18.0,2.0,2.0
22761.0,Пятница,жилые,2,1975,16,207.0,18.0,2.0,2.0
22761.0,Среда,жилые,2,1975,16,207.0,18.0,2.0,2.0
22761.0,Суббота,жилые,2,1975,16,207.0,18.0,2.0,2.0
22761.0,Четверг,жилые,2,1975,16,207.0,18.0,2.0,2.0
22764.0,Воскресенье,жилые,8,1973,12,382.0,-1.0,16.0,0.0
22764.0,Вторник,жилые,8,1973,12,382.0,-1.0,16.0,0.0
22764.0,Понедельник,жилые,8,1973,12,382.0,-1.0,16.0,0.0
22764.0,Пятница,жилые,8,1973,12,382.0,-1.0,16.0,0.0
22764.0,Среда,жилые,8,1973,12,382.0,-1.0,16.0,0.0
22764.0,Суббота,жилые,8,1973,12,382.0,-1.0,16.0,0.0
22764.0,Четверг,жилые,8,1973,12,382.0,-1.0,16.0,0.0
22765.0,Воскресенье,жилые,2,1975,16,207.0,-1.0,2.0,2.0
22765.0,Вторник,жилые,2,1975,16,207.0,-1.0,2.0,2.0
22765.0,Понедельник,жилые,2,1975,16,207.0,-1.0,2.0,2.0
22765.0,Пятница,жилые,2,1975,16,207.0,-1.0,2.0,2.0
22765.0,Среда,жилые,2,1975,16,207.0,-1.0,2.0,2.0
22765.0,Суббота,жилые,2,1975,16,207.0,-1.0,2.0,2.0
22765.0,Четверг,жилые,2,1975,16,207.0,-1.0,2.0,2.0
22766.0,Воскресенье,жилые,2,1988,22,174.0,-1.0,2.0,2.0
22766.0,Вторник,жилые,2,1988,22,174.0,-1.0,2.0,2.0
22766.0,Понедельник,жилые,2,1988,22,174.0,-1.0,2.0,2.0
22766.0,Пятница,жилые,2,1988,22,174.0,-1.0,2.0,2.0
22766.0,Среда,жилые,2,1988,22,174.0,-1.0,2.0,2.0
22766.0,Суббота,жилые,2,1988,22,174.0,-1.0,2.0,2.0
22766.0,Четверг,жилые,2,1988,22,174.0,-1.0,2.0,2.0
22767.0,Воскресенье,жилые,2,1975,16,207.0,-1.0,2.0,2.0
22767.0,Вторник,жилые,2,1975,16,207.0,-1.0,2.0,2.0
22767.0,Понедельник,жилые,2,1975,16,207.0,-1.0,2.0,2.0
22767.0,Пятница,жилые,2,1975,16,207.0,-1.0,2.0,2.0
22767.0,Среда,жилые,2,1975,16,207.0,-1.0,2.0,2.0
22767.0,Суббота,жилые,2,1975,16,207.0,-1.0,2.0,2.0
22767.0,Четверг,жилые,2,1975,16,207.0,-1.0,2.0,2.0
22769.0,Воскресенье,жилые,2,1975,16,206.0,25.0,2.0,2.0
22769.0,Вторник,жилые,2,1975,16,206.0,25.0,2.0,2.0
22769.0,Понедельник,жилые,2,1975,16,206.0,25.0,2.0,2.0
22769.0,Пятница,жилые,2,1975,16,206.0,25.0,2.0,2.0
22769.0,Среда,жилые,2,1975,16,206.0,25.0,2.0,2.0
22769.0,Суббота,жилые,2,1975,16,206.0,25.0,2.0,2.0
22769.0,Четверг,жилые,2,1975,16,206.0,25.0,2.0,2.0
22770.0,Воскресенье,жилые,11,1973,12,522.0,-1.0,22.0,0.0
22770.0,Вторник,жилые,11,1973,12,522.0,-1.0,22.0,0.0
22770.0,Понедельник,жилые,11,1973,12,522.0,-1.0,22.0,0.0
22770.0,Пятница,жилые,11,1973,12,522.0,-1.0,22.0,0.0
22770.0,Среда,жилые,11,1973,12,522.0,-1.0,22.0,0.0
22770.0,Суббота,жилые,11,1973,12,522.0,-1.0,22.0,0.0
22770.0,Четверг,жилые,11,1973,12,522.0,-1.0,22.0,0.0
22771.0,Воскресенье,жилые,1,1974,14,98.0,-1.0,2.0,0.0
22771.0,Вторник,жилые,1,1974,14,98.0,-1.0,2.0,0.0
22771.0,Понедельник,жилые,1,1974,14,98.0,-1.0,2.0,0.0
22771.0,Пятница,жилые,1,1974,14,98.0,-1.0,2.0,0.0
22771.0,Среда,жилые,1,1974,14,98.0,-1.0,2.0,0.0
22771.0,Суббота,жилые,1,1974,14,98.0,-1.0,2.0,0.0
22771.0,Четверг,жилые,1,1974,14,98.0,-1.0,2.0,0.0
22772.0,Воскресенье,жилые,1,1973,14,112.0,20.0,2.0,0.0
22772.0,Вторник,жилые,1,1973,14,112.0,20.0,2.0,0.0
22772.0,Понедельник,жилые,1,1973,14,112.0,20.0,2.0,0.0
22772.0,Пятница,жилые,1,1973,14,112.0,20.0,2.0,0.0
22772.0,Среда,жилые,1,1973,14,112.0,20.0,2.0,0.0
22772.0,Суббота,жилые,1,1973,14,112.0,20.0,2.0,0.0
22772.0,Четверг,жилые,1,1973,14,112.0,20.0,2.0,0.0
22773.0,Воскресенье,жилые,8,1973,12,382.0,18.0,16.0,0.0
22773.0,Вторник,жилые,8,1973,12,382.0,18.0,16.0,0.0
22773.0,Понедельник,жилые,8,1973,12,382.0,18.0,16.0,0.0
22773.0,Пятница,жилые,8,1973,12,382.0,18.0,16.0,0.0
22773.0,Среда,жилые,8,1973,12,382.0,18.0,16.0,0.0
22773.0,Суббота,жилые,8,1973,12,382.0,18.0,16.0,0.0
22773.0,Четверг,жилые,8,1973,12,382.0,18.0,16.0,0.0
22774.0,Воскресенье,жилые,1,1974,14,98.0,-1.0,2.0,0.0
22774.0,Вторник,жилые,1,1974,14,98.0,-1.0,2.0,0.0
22774.0,Понедельник,жилые,1,1974,14,98.0,-1.0,2.0,0.0
22774.0,Пятница,жилые,1,1974,14,98.0,-1.0,2.0,0.0
22774.0,Среда,жилые,1,1974,14,98.0,-1.0,2.0,0.0
22774.0,Суббота,жилые,1,1974,14,98.0,-1.0,2.0,0.0
22774.0,Четверг,жилые,1,1974,14,98.0,-1.0,2.0,0.0
22775.0,Воскресенье,жилые,1,1975,14,98.0,-1.0,2.0,0.0
22775.0,Вторник,жилые,1,1975,14,98.0,-1.0,2.0,0.0
22775.0,Понедельник,жилые,1,1975,14,98.0,-1.0,2.0,0.0
22775.0,Пятница,жилые,1,1975,14,98.0,-1.0,2.0,0.0
22775.0,Среда,жилые,1,1975,14,98.0,-1.0,2.0,0.0
22775.0,Суббота,жилые,1,1975,14,98.0,-1.0,2.0,0.0
22775.0,Четверг,жилые,1,1975,14,98.0,-1.0,2.0,0.0
22776.0,Воскресенье,жилые,12,1972,9,425.0,26.0,12.0,0.0
22776.0,Вторник,жилые,12,1972,9,425.0,26.0,12.0,0.0
22776.0,Понедельник,жилые,12,1972,9,425.0,26.0,12.0,0.0
22776.0,Пятница,жилые,12,1972,9,425.0,26.0,12.0,0.0
22776.0,Среда,жилые,12,1972,9,425.0,26.0,12.0,0.0
22776.0,Суббота,жилые,12,1972,9,425.0,26.0,12.0,0.0
22776.0,Четверг,жилые,12,1972,9,425.0,26.0,12.0,0.0
22777.0,Воскресенье,жилые,1,1974,14,98.0,8.0,2.0,0.0
22777.0,Вторник,жилые,1,1974,14,98.0,8.0,2.0,0.0
22777.0,Понедельник,жилые,1,1974,14,98.0,8.0,2.0,0.0
22777.0,Пятница,жилые,1,1974,14,98.0,8.0,2.0,0.0
22777.0,Среда,жилые,1,1974,14,98.0,8.0,2.0,0.0
22777.0,Суббота,жилые,1,1974,14,98.0,8.0,2.0,0.0
22777.0,Четверг,жилые,1,1974,14,98.0,8.0,2.0,0.0
22815.0,Воскресенье,жилые,1,1981,16,127.0,-1.0,1.0,1.0
22815.0,Вторник,жилые,1,1981,16,127.0,-1.0,1.0,1.0
22815.0,Понедельник,жилые,1,1981,16,127.0,-1.0,1.0,1.0
22815.0,Пятница,жилые,1,1981,16,127.0,-1.0,1.0,1.0
22815.0,Среда,жилые,1,1981,16,127.0,-1.0,1.0,1.0
22815.0,Суббота,жилые,1,1981,16,127.0,-1.0,1.0,1.0
22815.0,Четверг,жилые,1,1981,16,127.0,-1.0,1.0,1.0
22816.0,Воскресенье,жилые,1,1981,16,127.0,-1.0,1.0,1.0
22816.0,Вторник,жилые,1,1981,16,127.0,-1.0,1.0,1.0
22816.0,Понедельник,жилые,1,1981,16,127.0,-1.0,1.0,1.0
22816.0,Пятница,жилые,1,1981,16,127.0,-1.0,1.0,1.0
22816.0,Среда,жилые,1,1981,16,127.0,-1.0,1.0,1.0
22816.0,Суббота,жилые,1,1981,16,127.0,-1.0,1.0,1.0
22816.0,Четверг,жилые,1,1981,16,127.0,-1.0,1.0,1.0
22817.0,Воскресенье,жилые,2,1976,16,207.0,-1.0,2.0,2.0
22817.0,Вторник,жилые,2,1976,16,207.0,-1.0,2.0,2.0
22817.0,Понедельник,жилые,2,1976,16,207.0,-1.0,2.0,2.0
22817.0,Пятница,жилые,2,1976,16,207.0,-1.0,2.0,2.0
22817.0,Среда,жилые,2,1976,16,207.0,-1.0,2.0,2.0
22817.0,Суббота,жилые,2,1976,16,207.0,-1.0,2.0,2.0
22817.0,Четверг,жилые,2,1976,16,207.0,-1.0,2.0,2.0
22821.0,Воскресенье,жилые,1,1975,16,111.0,-1.0,1.0,1.0
22821.0,Вторник,жилые,1,1975,16,111.0,-1.0,1.0,1.0
22821.0,Понедельник,жилые,1,1975,16,111.0,-1.0,1.0,1.0
22821.0,Пятница,жилые,1,1975,16,111.0,-1.0,1.0,1.0
22821.0,Среда,жилые,1,1975,16,111.0,-1.0,1.0,1.0
22821.0,Суббота,жилые,1,1975,16,111.0,-1.0,1.0,1.0
22821.0,Четверг,жилые,1,1975,16,111.0,-1.0,1.0,1.0
22822.0,Воскресенье,жилые,9,1975,12,425.0,-1.0,18.0,0.0
22822.0,Вторник,жилые,9,1975,12,425.0,-1.0,18.0,0.0
22822.0,Понедельник,жилые,9,1975,12,425.0,-1.0,18.0,0.0
22822.0,Пятница,жилые,9,1975,12,425.0,-1.0,18.0,0.0
22822.0,Среда,жилые,9,1975,12,425.0,-1.0,18.0,0.0
22822.0,Суббота,жилые,9,1975,12,425.0,-1.0,18.0,0.0
22822.0,Четверг,жилые,9,1975,12,425.0,-1.0,18.0,0.0
22823.0,Воскресенье,жилые,4,1973,9,144.0,-1.0,4.0,0.0
22823.0,Вторник,жилые,4,1973,9,144.0,-1.0,4.0,0.0
22823.0,Понедельник,жилые,4,1973,9,144.0,-1.0,4.0,0.0
22823.0,Пятница,жилые,4,1973,9,144.0,-1.0,4.0,0.0
22823.0,Среда,жилые,4,1973,9,144.0,-1.0,4.0,0.0
22823.0,Суббота,жилые,4,1973,9,144.0,-1.0,4.0,0.0
22823.0,Четверг,жилые,4,1973,9,144.0,-1.0,4.0,0.0
22824.0,Воскресенье,жилые,2,1973,9,72.0,-1.0,2.0,0.0
22824.0,Вторник,жилые,2,1973,9,72.0,-1.0,2.0,0.0
22824.0,Понедельник,жилые,2,1973,9,72.0,-1.0,2.0,0.0
22824.0,Пятница,жилые,2,1973,9,72.0,-1.0,2.0,0.0
22824.0,Среда,жилые,2,1973,9,72.0,-1.0,2.0,0.0
22824.0,Суббота,жилые,2,1973,9,72.0,-1.0,2.0,0.0
22824.0,Четверг,жилые,2,1973,9,72.0,-1.0,2.0,0.0
22825.0,Воскресенье,жилые,2,1973,9,72.0,-1.0,2.0,0.0
22825.0,Вторник,жилые,2,1973,9,72.0,-1.0,2.0,0.0
22825.0,Понедельник,жилые,2,1973,9,72.0,-1.0,2.0,0.0
22825.0,Пятница,жилые,2,1973,9,72.0,-1.0,2.0,0.0
22825.0,Среда,жилые,2,1973,9,72.0,-1.0,2.0,0.0
22825.0,Суббота,жилые,2,1973,9,72.0,-1.0,2.0,0.0
22825.0,Четверг,жилые,2,1973,9,72.0,-1.0,2.0,0.0
22826.0,Воскресенье,жилые,8,1973,9,286.0,-1.0,8.0,0.0
22826.0,Вторник,жилые,8,1973,9,286.0,-1.0,8.0,0.0
22826.0,Понедельник,жилые,8,1973,9,286.0,-1.0,8.0,0.0
22826.0,Пятница,жилые,8,1973,9,286.0,-1.0,8.0,0.0
22826.0,Среда,жилые,8,1973,9,286.0,-1.0,8.0,0.0
22826.0,Суббота,жилые,8,1973,9,286.0,-1.0,8.0,0.0
22826.0,Четверг,жилые,8,1973,9,286.0,-1.0,8.0,0.0
22829.0,Воскресенье,жилые,3,1975,12,168.0,24.0,3.0,3.0
22829.0,Вторник,жилые,3,1975,12,168.0,24.0,3.0,3.0
22829.0,Понедельник,жилые,3,1975,12,168.0,24.0,3.0,3.0
22829.0,Пятница,жилые,3,1975,12,168.0,24.0,3.0,3.0
22829.0,Среда,жилые,3,1975,12,168.0,24.0,3.0,3.0
22829.0,Суббота,жилые,3,1975,12,168.0,24.0,3.0,3.0
22829.0,Четверг,жилые,3,1975,12,168.0,24.0,3.0,3.0
22830.0,Воскресенье,жилые,12,1973,9,431.0,23.0,12.0,0.0
22830.0,Вторник,жилые,12,1973,9,431.0,23.0,12.0,0.0
22830.0,Понедельник,жилые,12,1973,9,431.0,23.0,12.0,0.0
22830.0,Пятница,жилые,12,1973,9,431.0,23.0,12.0,0.0
22830.0,Среда,жилые,12,1973,9,431.0,23.0,12.0,0.0
22830.0,Суббота,жилые,12,1973,9,431.0,23.0,12.0,0.0
22830.0,Четверг,жилые,12,1973,9,431.0,23.0,12.0,0.0
22831.0,Воскресенье,жилые,3,1974,12,168.0,-1.0,3.0,3.0
22831.0,Вторник,жилые,3,1974,12,168.0,-1.0,3.0,3.0
22831.0,Понедельник,жилые,3,1974,12,168.0,-1.0,3.0,3.0
22831.0,Пятница,жилые,3,1974,12,168.0,-1.0,3.0,3.0
22831.0,Среда,жилые,3,1974,12,168.0,-1.0,3.0,3.0
22831.0,Суббота,жилые,3,1974,12,168.0,-1.0,3.0,3.0
22831.0,Четверг,жилые,3,1974,12,168.0,-1.0,3.0,3.0
22832.0,Воскресенье,жилые,2,1975,12,214.0,-1.0,2.0,2.0
22832.0,Вторник,жилые,2,1975,12,214.0,-1.0,2.0,2.0
22832.0,Понедельник,жилые,2,1975,12,214.0,-1.0,2.0,2.0
22832.0,Пятница,жилые,2,1975,12,214.0,-1.0,2.0,2.0
22832.0,Среда,жилые,2,1975,12,214.0,-1.0,2.0,2.0
22832.0,Суббота,жилые,2,1975,12,214.0,-1.0,2.0,2.0
22832.0,Четверг,жилые,2,1975,12,214.0,-1.0,2.0,2.0
24591.0,Воскресенье,жилые,2,1973,9,72.0,-1.0,2.0,0.0
24591.0,Вторник,жилые,2,1973,9,72.0,-1.0,2.0,0.0
24591.0,Понедельник,жилые,2,1973,9,72.0,-1.0,2.0,0.0
24591.0,Пятница,жилые,2,1973,9,72.0,-1.0,2.0,0.0
24591.0,Среда,жилые,2,1973,9,72.0,-1.0,2.0,0.0
24591.0,Суббота,жилые,2,1973,9,72.0,-1.0,2.0,0.0
24591.0,Четверг,жилые,2,1973,9,72.0,-1.0,2.0,0.0
24592.0,Воскресенье,жилые,2,1973,9,71.0,32.0,2.0,0.0
24592.0,Вторник,жилые,2,1973,9,71.0,32.0,2.0,0.0
24592.0,Понедельник,жилые,2,1973,9,71.0,32.0,2.0,0.0
24592.0,Пятница,жилые,2,1973,9,71.0,32.0,2.0,0.0
24592.0,Среда,жилые,2,1973,9,71.0,32.0,2.0,0.0
24592.0,Суббота,жилые,2,1973,9,71.0,32.0,2.0,0.0
24592.0,Четверг,жилые,2,1973,9,71.0,32.0,2.0,0.0
24593.0,Воскресенье,жилые,12,1973,9,429.0,29.0,12.0,0.0
24593.0,Вторник,жилые,12,1973,9,429.0,29.0,12.0,0.0
24593.0,Понедельник,жилые,12,1973,9,429.0,29.0,12.0,0.0
24593.0,Пятница,жилые,12,1973,9,429.0,29.0,12.0,0.0
24593.0,Среда,жилые,12,1973,9,429.0,29.0,12.0,0.0
24593.0,Суббота,жилые,12,1973,9,429.0,29.0,12.0,0.0
24593.0,Четверг,жилые,12,1973,9,429.0,29.0,12.0,0.0
24594.0,Воскресенье,жилые,4,1972,9,144.0,22.0,4.0,0.0
24594.0,Вторник,жилые,4,1972,9,144.0,22.0,4.0,0.0
24594.0,Понедельник,жилые,4,1972,9,144.0,22.0,4.0,0.0
24594.0,Пятница,жилые,4,1972,9,144.0,22.0,4.0,0.0
24594.0,Среда,жилые,4,1972,9,144.0,22.0,4.0,0.0
24594.0,Суббота,жилые,4,1972,9,144.0,22.0,4.0,0.0
24594.0,Четверг,жилые,4,1972,9,144.0,22.0,4.0,0.0
24595.0,Воскресенье,жилые,2,1972,9,72.0,-1.0,2.0,0.0
24595.0,Вторник,жилые,2,1972,9,72.0,-1.0,2.0,0.0
24595.0,Понедельник,жилые,2,1972,9,72.0,-1.0,2.0,0.0
24595.0,Пятница,жилые,2,1972,9,72.0,-1.0,2.0,0.0
24595.0,Среда,жилые,2,1972,9,72.0,-1.0,2.0,0.0
24595.0,Суббота,жилые,2,1972,9,72.0,-1.0,2.0,0.0
24595.0,Четверг,жилые,2,1972,9,72.0,-1.0,2.0,0.0
24596.0,Воскресенье,жилые,2,1972,9,72.0,-1.0,2.0,0.0
24596.0,Вторник,жилые,2,1972,9,72.0,-1.0,2.0,0.0
24596.0,Понедельник,жилые,2,1972,9,72.0,-1.0,2.0,0.0
24596.0,Пятница,жилые,2,1972,9,72.0,-1.0,2.0,0.0
24596.0,Среда,жилые,2,1972,9,72.0,-1.0,2.0,0.0
24596.0,Суббота,жилые,2,1972,9,72.0,-1.0,2.0,0.0
24596.0,Четверг,жилые,2,1972,9,72.0,-1.0,2.0,0.0
24597.0,Воскресенье,жилые,10,1972,9,358.0,31.0,10.0,0.0
24597.0,Вторник,жилые,10,1972,9,358.0,31.0,10.0,0.0
24597.0,Понедельник,жилые,10,1972,9,358.0,31.0,10.0,0.0
24597.0,Пятница,жилые,10,1972,9,358.0,31.0,10.0,0.0
24597.0,Среда,жилые,10,1972,9,358.0,31.0,10.0,0.0
24597.0,Суббота,жилые,10,1972,9,358.0,31.0,10.0,0.0
24597.0,Четверг,жилые,10,1972,9,358.0,31.0,10.0,0.0
24598.0,Воскресенье,жилые,10,1972,9,358.0,12.0,10.0,0.0
24598.0,Вторник,жилые,10,1972,9,358.0,12.0,10.0,0.0
24598.0,Понедельник,жилые,10,1972,9,358.0,12.0,10.0,0.0
24598.0,Пятница,жилые,10,1972,9,358.0,12.0,10.0,0.0
24598.0,Среда,жилые,10,1972,9,358.0,12.0,10.0,0.0
24598.0,Суббота,жилые,10,1972,9,358.0,12.0,10.0,0.0
24598.0,Четверг,жилые,10,1972,9,358.0,12.0,10.0,0.0
24599.0,Воскресенье,жилые,8,1973,9,287.0,31.0,8.0,0.0
24599.0,Вторник,жилые,8,1973,9,287.0,31.0,8.0,0.0
24599.0,Понедельник,жилые,8,1973,9,287.0,31.0,8.0,0.0
24599.0,Пятница,жилые,8,1973,9,287.0,31.0,8.0,0.0
24599.0,Среда,жилые,8,1973,9,287.0,31.0,8.0,0.0
24599.0,Суббота,жилые,8,1973,9,287.0,31.0,8.0,0.0
24599.0,Четверг,жилые,8,1973,9,287.0,31.0,8.0,0.0
24600.0,Воскресенье,жилые,6,1974,12,286.0,-1.0,12.0,0.0
24600.0,Вторник,жилые,6,1974,12,286.0,-1.0,12.0,0.0
24600.0,Понедельник,жилые,6,1974,12,286.0,-1.0,12.0,0.0
24600.0,Пятница,жилые,6,1974,12,286.0,-1.0,12.0,0.0
24600.0,Среда,жилые,6,1974,12,286.0,-1.0,12.0,0.0
24600.0,Суббота,жилые,6,1974,12,286.0,-1.0,12.0,0.0
24600.0,Четверг,жилые,6,1974,12,286.0,-1.0,12.0,0.0
24601.0,Воскресенье,жилые,10,1973,9,360.0,8.0,10.0,0.0
24601.0,Вторник,жилые,10,1973,9,360.0,8.0,10.0,0.0
24601.0,Понедельник,жилые,10,1973,9,360.0,8.0,10.0,0.0
24601.0,Пятница,жилые,10,1973,9,360.0,8.0,10.0,0.0
24601.0,Среда,жилые,10,1973,9,360.0,8.0,10.0,0.0
24601.0,Суббота,жилые,10,1973,9,360.0,8.0,10.0,0.0
24601.0,Четверг,жилые,10,1973,9,360.0,8.0,10.0,0.0
24602.0,Воскресенье,жилые,1,1978,16,106.0,-1.0,1.0,1.0
24602.0,Вторник,жилые,1,1978,16,106.0,-1.0,1.0,1.0
24602.0,Понедельник,жилые,1,1978,16,106.0,-1.0,1.0,1.0
24602.0,Пятница,жилые,1,1978,16,106.0,-1.0,1.0,1.0
24602.0,Среда,жилые,1,1978,16,106.0,-1.0,1.0,1.0
24602.0,Суббота,жилые,1,1978,16,106.0,-1.0,1.0,1.0
24602.0,Четверг,жилые,1,1978,16,106.0,-1.0,1.0,1.0
24603.0,Воскресенье,жилые,1,1977,16,106.0,-1.0,1.0,1.0
24603.0,Вторник,жилые,1,1977,16,106.0,-1.0,1.0,1.0
24603.0,Понедельник,жилые,1,1977,16,106.0,-1.0,1.0,1.0
24603.0,Пятница,жилые,1,1977,16,106.0,-1.0,1.0,1.0
24603.0,Среда,жилые,1,1977,16,106.0,-1.0,1.0,1.0
24603.0,Суббота,жилые,1,1977,16,106.0,-1.0,1.0,1.0
24603.0,Четверг,жилые,1,1977,16,106.0,-1.0,1.0,1.0
24604.0,Воскресенье,жилые,1,1973,12,81.0,21.0,2.0,0.0
24604.0,Вторник,жилые,1,1973,12,81.0,21.0,2.0,0.0
24604.0,Понедельник,жилые,1,1973,12,81.0,21.0,2.0,0.0
24604.0,Пятница,жилые,1,1973,12,81.0,21.0,2.0,0.0
24604.0,Среда,жилые,1,1973,12,81.0,21.0,2.0,0.0
24604.0,Суббота,жилые,1,1973,12,81.0,21.0,2.0,0.0
24604.0,Четверг,жилые,1,1973,12,81.0,21.0,2.0,0.0
24605.0,Воскресенье,жилые,5,1970,9,180.0,-1.0,5.0,0.0
24605.0,Вторник,жилые,5,1970,9,180.0,-1.0,5.0,0.0
24605.0,Понедельник,жилые,5,1970,9,180.0,-1.0,5.0,0.0
24605.0,Пятница,жилые,5,1970,9,180.0,-1.0,5.0,0.0
24605.0,Среда,жилые,5,1970,9,180.0,-1.0,5.0,0.0
24605.0,Суббота,жилые,5,1970,9,180.0,-1.0,5.0,0.0
24605.0,Четверг,жилые,5,1970,9,180.0,-1.0,5.0,0.0
24606.0,Воскресенье,жилые,1,1978,16,111.0,-1.0,1.0,1.0
24606.0,Вторник,жилые,1,1978,16,111.0,-1.0,1.0,1.0
24606.0,Понедельник,жилые,1,1978,16,111.0,-1.0,1.0,1.0
24606.0,Пятница,жилые,1,1978,16,111.0,-1.0,1.0,1.0
24606.0,Среда,жилые,1,1978,16,111.0,-1.0,1.0,1.0
24606.0,Суббота,жилые,1,1978,16,111.0,-1.0,1.0,1.0
24606.0,Четверг,жилые,1,1978,16,111.0,-1.0,1.0,1.0
24608.0,Воскресенье,жилые,5,1975,9,180.0,16.0,5.0,0.0
24608.0,Вторник,жилые,5,1975,9,180.0,16.0,5.0,0.0
24608.0,Понедельник,жилые,5,1975,9,180.0,16.0,5.0,0.0
24608.0,Пятница,жилые,5,1975,9,180.0,16.0,5.0,0.0
24608.0,Среда,жилые,5,1975,9,180.0,16.0,5.0,0.0
24608.0,Суббота,жилые,5,1975,9,180.0,16.0,5.0,0.0
24608.0,Четверг,жилые,5,1975,9,180.0,16.0,5.0,0.0
24609.0,Воскресенье,жилые,1,1977,16,111.0,-1.0,1.0,1.0
24609.0,Вторник,жилые,1,1977,16,111.0,-1.0,1.0,1.0
24609.0,Понедельник,жилые,1,1977,16,111.0,-1.0,1.0,1.0
24609.0,Пятница,жилые,1,1977,16,111.0,-1.0,1.0,1.0
24609.0,Среда,жилые,1,1977,16,111.0,-1.0,1.0,1.0
24609.0,Суббота,жилые,1,1977,16,111.0,-1.0,1.0,1.0
24609.0,Четверг,жилые,1,1977,16,111.0,-1.0,1.0,1.0
24612.0,Воскресенье,жилые,1,1977,16,111.0,-1.0,1.0,1.0
24612.0,Вторник,жилые,1,1977,16,111.0,-1.0,1.0,1.0
24612.0,Понедельник,жилые,1,1977,16,111.0,-1.0,1.0,1.0
24612.0,Пятница,жилые,1,1977,16,111.0,-1.0,1.0,1.0
24612.0,Среда,жилые,1,1977,16,111.0,-1.0,1.0,1.0
24612.0,Суббота,жилые,1,1977,16,111.0,-1.0,1.0,1.0
24612.0,Четверг,жилые,1,1977,16,111.0,-1.0,1.0,1.0
24614.0,Воскресенье,жилые,5,1975,9,180.0,-1.0,5.0,0.0
24614.0,Вторник,жилые,5,1975,9,180.0,-1.0,5.0,0.0
24614.0,Понедельник,жилые,5,1975,9,180.0,-1.0,5.0,0.0
24614.0,Пятница,жилые,5,1975,9,180.0,-1.0,5.0,0.0
24614.0,Среда,жилые,5,1975,9,180.0,-1.0,5.0,0.0
24614.0,Суббота,жилые,5,1975,9,180.0,-1.0,5.0,0.0
24614.0,Четверг,жилые,5,1975,9,180.0,-1.0,5.0,0.0
24615.0,Воскресенье,жилые,2,1973,9,178.0,-1.0,2.0,0.0
24615.0,Вторник,жилые,2,1973,9,178.0,-1.0,2.0,0.0
24615.0,Понедельник,жилые,2,1973,9,178.0,-1.0,2.0,0.0
24615.0,Пятница,жилые,2,1973,9,178.0,-1.0,2.0,0.0
24615.0,Среда,жилые,2,1973,9,178.0,-1.0,2.0,0.0
24615.0,Суббота,жилые,2,1973,9,178.0,-1.0,2.0,0.0
24615.0,Четверг,жилые,2,1973,9,178.0,-1.0,2.0,0.0
27126.0,Воскресенье,жилые,3,1959,5,60.0,-1.0,0.0,0.0
27126.0,Вторник,жилые,3,1959,5,60.0,-1.0,0.0,0.0
27126.0,Понедельник,жилые,3,1959,5,60.0,-1.0,0.0,0.0
27126.0,Пятница,жилые,3,1959,5,60.0,-1.0,0.0,0.0
27126.0,Среда,жилые,3,1959,5,60.0,-1.0,0.0,0.0
27126.0,Суббота,жилые,3,1959,5,60.0,-1.0,0.0,0.0
27126.0,Четверг,жилые,3,1959,5,60.0,-1.0,0.0,0.0
28391.0,Воскресенье,жилые,4,1978,12,190.0,-1.0,8.0,0.0
28391.0,Вторник,жилые,4,1978,12,190.0,-1.0,8.0,0.0
28391.0,Понедельник,жилые,4,1978,12,190.0,-1.0,8.0,0.0
28391.0,Пятница,жилые,4,1978,12,190.0,-1.0,8.0,0.0
28391.0,Среда,жилые,4,1978,12,190.0,-1.0,8.0,0.0
28391.0,Суббота,жилые,4,1978,12,190.0,-1.0,8.0,0.0
28391.0,Четверг,жилые,4,1978,12,190.0,-1.0,8.0,0.0
28392.0,Воскресенье,жилые,8,1977,12,381.0,-1.0,16.0,0.0
28392.0,Вторник,жилые,8,1977,12,381.0,-1.0,16.0,0.0
28392.0,Понедельник,жилые,8,1977,12,381.0,-1.0,16.0,0.0
28392.0,Пятница,жилые,8,1977,12,381.0,-1.0,16.0,0.0
28392.0,Среда,жилые,8,1977,12,381.0,-1.0,16.0,0.0
28392.0,Суббота,жилые,8,1977,12,381.0,-1.0,16.0,0.0
28392.0,Четверг,жилые,8,1977,12,381.0,-1.0,16.0,0.0
28393.0,Воскресенье,жилые,1,1975,14,98.0,24.0,2.0,0.0
28393.0,Вторник,жилые,1,1975,14,98.0,24.0,2.0,0.0
28393.0,Понедельник,жилые,1,1975,14,98.0,24.0,2.0,0.0
28393.0,Пятница,жилые,1,1975,14,98.0,24.0,2.0,0.0
28393.0,Среда,жилые,1,1975,14,98.0,24.0,2.0,0.0
28393.0,Суббота,жилые,1,1975,14,98.0,24.0,2.0,0.0
28393.0,Четверг,жилые,1,1975,14,98.0,24.0,2.0,0.0
28394.0,Воскресенье,жилые,1,1975,14,94.0,-1.0,2.0,0.0
28394.0,Вторник,жилые,1,1975,14,94.0,-1.0,2.0,0.0
28394.0,Понедельник,жилые,1,1975,14,94.0,-1.0,2.0,0.0
28394.0,Пятница,жилые,1,1975,14,94.0,-1.0,2.0,0.0
28394.0,Среда,жилые,1,1975,14,94.0,-1.0,2.0,0.0
28394.0,Суббота,жилые,1,1975,14,94.0,-1.0,2.0,0.0
28394.0,Четверг,жилые,1,1975,14,94.0,-1.0,2.0,0.0
28395.0,Воскресенье,жилые,8,1975,12,379.0,18.0,16.0,0.0
28395.0,Вторник,жилые,8,1975,12,379.0,18.0,16.0,0.0
28395.0,Понедельник,жилые,8,1975,12,379.0,18.0,16.0,0.0
28395.0,Пятница,жилые,8,1975,12,379.0,18.0,16.0,0.0
28395.0,Среда,жилые,8,1975,12,379.0,18.0,16.0,0.0
28395.0,Суббота,жилые,8,1975,12,379.0,18.0,16.0,0.0
28395.0,Четверг,жилые,8,1975,12,379.0,18.0,16.0,0.0
28396.0,Воскресенье,жилые,4,1975,9,144.0,-1.0,4.0,0.0
28396.0,Вторник,жилые,4,1975,9,144.0,-1.0,4.0,0.0
28396.0,Понедельник,жилые,4,1975,9,144.0,-1.0,4.0,0.0
28396.0,Пятница,жилые,4,1975,9,144.0,-1.0,4.0,0.0
28396.0,Среда,жилые,4,1975,9,144.0,-1.0,4.0,0.0
28396.0,Суббота,жилые,4,1975,9,144.0,-1.0,4.0,0.0
28396.0,Четверг,жилые,4,1975,9,144.0,-1.0,4.0,0.0
28397.0,Воскресенье,жилые,1,1976,14,98.0,13.0,2.0,0.0
28397.0,Вторник,жилые,1,1976,14,98.0,13.0,2.0,0.0
28397.0,Понедельник,жилые,1,1976,14,98.0,13.0,2.0,0.0
28397.0,Пятница,жилые,1,1976,14,98.0,13.0,2.0,0.0
28397.0,Среда,жилые,1,1976,14,98.0,13.0,2.0,0.0
28397.0,Суббота,жилые,1,1976,14,98.0,13.0,2.0,0.0
28397.0,Четверг,жилые,1,1976,14,98.0,13.0,2.0,0.0
28398.0,Воскресенье,жилые,1,1976,14,98.0,-1.0,2.0,0.0
28398.0,Вторник,жилые,1,1976,14,98.0,-1.0,2.0,0.0
28398.0,Понедельник,жилые,1,1976,14,98.0,-1.0,2.0,0.0
28398.0,Пятница,жилые,1,1976,14,98.0,-1.0,2.0,0.0
28398.0,Среда,жилые,1,1976,14,98.0,-1.0,2.0,0.0
28398.0,Суббота,жилые,1,1976,14,98.0,-1.0,2.0,0.0
28398.0,Четверг,жилые,1,1976,14,98.0,-1.0,2.0,0.0
28399.0,Воскресенье,жилые,2,1978,16,128.0,-1.0,2.0,2.0
28399.0,Вторник,жилые,2,1978,16,128.0,-1.0,2.0,2.0
28399.0,Понедельник,жилые,2,1978,16,128.0,-1.0,2.0,2.0
28399.0,Пятница,жилые,2,1978,16,128.0,-1.0,2.0,2.0
28399.0,Среда,жилые,2,1978,16,128.0,-1.0,2.0,2.0
28399.0,Суббота,жилые,2,1978,16,128.0,-1.0,2.0,2.0
28399.0,Четверг,жилые,2,1978,16,128.0,-1.0,2.0,2.0
28400.0,Воскресенье,жилые,2,1978,16,127.0,-1.0,2.0,2.0
28400.0,Вторник,жилые,2,1978,16,127.0,-1.0,2.0,2.0
28400.0,Понедельник,жилые,2,1978,16,127.0,-1.0,2.0,2.0
28400.0,Пятница,жилые,2,1978,16,127.0,-1.0,2.0,2.0
28400.0,Среда,жилые,2,1978,16,127.0,-1.0,2.0,2.0
28400.0,Суббота,жилые,2,1978,16,127.0,-1.0,2.0,2.0
28400.0,Четверг,жилые,2,1978,16,127.0,-1.0,2.0,2.0
28401.0,Воскресенье,жилые,2,1978,16,127.0,-1.0,1.0,1.0
28401.0,Вторник,жилые,2,1978,16,127.0,-1.0,1.0,1.0
28401.0,Понедельник,жилые,2,1978,16,127.0,-1.0,1.0,1.0
28401.0,Пятница,жилые,2,1978,16,127.0,-1.0,1.0,1.0
28401.0,Среда,жилые,2,1978,16,127.0,-1.0,1.0,1.0
28401.0,Суббота,жилые,2,1978,16,127.0,-1.0,1.0,1.0
28401.0,Четверг,жилые,2,1978,16,127.0,-1.0,1.0,1.0
28402.0,Воскресенье,жилые,2,1978,16,127.0,-1.0,2.0,2.0
28402.0,Вторник,жилые,2,1978,16,127.0,-1.0,2.0,2.0
28402.0,Понедельник,жилые,2,1978,16,127.0,-1.0,2.0,2.0
28402.0,Пятница,жилые,2,1978,16,127.0,-1.0,2.0,2.0
28402.0,Среда,жилые,2,1978,16,127.0,-1.0,2.0,2.0
28402.0,Суббота,жилые,2,1978,16,127.0,-1.0,2.0,2.0
28402.0,Четверг,жилые,2,1978,16,127.0,-1.0,2.0,2.0
28403.0,Воскресенье,жилые,1,1976,14,98.0,-1.0,2.0,0.0
28403.0,Вторник,жилые,1,1976,14,98.0,-1.0,2.0,0.0
28403.0,Понедельник,жилые,1,1976,14,98.0,-1.0,2.0,0.0
28403.0,Пятница,жилые,1,1976,14,98.0,-1.0,2.0,0.0
28403.0,Среда,жилые,1,1976,14,98.0,-1.0,2.0,0.0
28403.0,Суббота,жилые,1,1976,14,98.0,-1.0,2.0,0.0
28403.0,Четверг,жилые,1,1976,14,98.0,-1.0,2.0,0.0
28404.0,Воскресенье,жилые,1,1976,14,98.0,-1.0,2.0,0.0
28404.0,Вторник,жилые,1,1976,14,98.0,-1.0,2.0,0.0
28404.0,Понедельник,жилые,1,1976,14,98.0,-1.0,2.0,0.0
28404.0,Пятница,жилые,1,1976,14,98.0,-1.0,2.0,0.0
28404.0,Среда,жилые,1,1976,14,98.0,-1.0,2.0,0.0
28404.0,Суббота,жилые,1,1976,14,98.0,-1.0,2.0,0.0
28404.0,Четверг,жилые,1,1976,14,98.0,-1.0,2.0,0.0
28405.0,Воскресенье,жилые,8,1977,12,381.0,24.0,16.0,0.0
28405.0,Вторник,жилые,8,1977,12,381.0,24.0,16.0,0.0
28405.0,Понедельник,жилые,8,1977,12,381.0,24.0,16.0,0.0
28405.0,Пятница,жилые,8,1977,12,381.0,24.0,16.0,0.0
28405.0,Среда,жилые,8,1977,12,381.0,24.0,16.0,0.0
28405.0,Суббота,жилые,8,1977,12,381.0,24.0,16.0,0.0
28405.0,Четверг,жилые,8,1977,12,381.0,24.0,16.0,0.0
28406.0,Воскресенье,жилые,1,1976,14,98.0,-1.0,2.0,0.0
28406.0,Вторник,жилые,1,1976,14,98.0,-1.0,2.0,0.0
28406.0,Понедельник,жилые,1,1976,14,98.0,-1.0,2.0,0.0
28406.0,Пятница,жилые,1,1976,14,98.0,-1.0,2.0,0.0
28406.0,Среда,жилые,1,1976,14,98.0,-1.0,2.0,0.0
28406.0,Суббота,жилые,1,1976,14,98.0,-1.0,2.0,0.0
28406.0,Четверг,жилые,1,1976,14,98.0,-1.0,2.0,0.0
28407.0,Воскресенье,жилые,1,1976,14,98.0,15.0,2.0,0.0
28407.0,Вторник,жилые,1,1976,14,98.0,15.0,2.0,0.0
28407.0,Понедельник,жилые,1,1976,14,98.0,15.0,2.0,0.0
28407.0,Пятница,жилые,1,1976,14,98.0,15.0,2.0,0.0
28407.0,Среда,жилые,1,1976,14,98.0,15.0,2.0,0.0
28407.0,Суббота,жилые,1,1976,14,98.0,15.0,2.0,0.0
28407.0,Четверг,жилые,1,1976,14,98.0,15.0,2.0,0.0
28408.0,Воскресенье,жилые,2,1977,16,128.0,-1.0,2.0,2.0
28408.0,Вторник,жилые,2,1977,16,128.0,-1.0,2.0,2.0
28408.0,Понедельник,жилые,2,1977,16,128.0,-1.0,2.0,2.0
28408.0,Пятница,жилые,2,1977,16,128.0,-1.0,2.0,2.0
28408.0,Среда,жилые,2,1977,16,128.0,-1.0,2.0,2.0
28408.0,Суббота,жилые,2,1977,16,128.0,-1.0,2.0,2.0
28408.0,Четверг,жилые,2,1977,16,128.0,-1.0,2.0,2.0
28409.0,Воскресенье,жилые,2,1977,16,127.0,-1.0,2.0,2.0
28409.0,Вторник,жилые,2,1977,16,127.0,-1.0,2.0,2.0
28409.0,Понедельник,жилые,2,1977,16,127.0,-1.0,2.0,2.0
28409.0,Пятница,жилые,2,1977,16,127.0,-1.0,2.0,2.0
28409.0,Среда,жилые,2,1977,16,127.0,-1.0,2.0,2.0
28409.0,Суббота,жилые,2,1977,16,127.0,-1.0,2.0,2.0
28409.0,Четверг,жилые,2,1977,16,127.0,-1.0,2.0,2.0
28410.0,Воскресенье,жилые,2,1978,16,127.0,-1.0,2.0,2.0
28410.0,Вторник,жилые,2,1978,16,127.0,-1.0,2.0,2.0
28410.0,Понедельник,жилые,2,1978,16,127.0,-1.0,2.0,2.0
28410.0,Пятница,жилые,2,1978,16,127.0,-1.0,2.0,2.0
28410.0,Среда,жилые,2,1978,16,127.0,-1.0,2.0,2.0
28410.0,Суббота,жилые,2,1978,16,127.0,-1.0,2.0,2.0
28410.0,Четверг,жилые,2,1978,16,127.0,-1.0,2.0,2.0
28411.0,Воскресенье,жилые,2,1978,16,127.0,-1.0,2.0,2.0
28411.0,Вторник,жилые,2,1978,16,127.0,-1.0,2.0,2.0
28411.0,Понедельник,жилые,2,1978,16,127.0,-1.0,2.0,2.0
28411.0,Пятница,жилые,2,1978,16,127.0,-1.0,2.0,2.0
28411.0,Среда,жилые,2,1978,16,127.0,-1.0,2.0,2.0
28411.0,Суббота,жилые,2,1978,16,127.0,-1.0,2.0,2.0
28411.0,Четверг,жилые,2,1978,16,127.0,-1.0,2.0,2.0
28413.0,Воскресенье,жилые,1,1978,14,98.0,-1.0,2.0,0.0
28413.0,Вторник,жилые,1,1978,14,98.0,-1.0,2.0,0.0
28413.0,Понедельник,жилые,1,1978,14,98.0,-1.0,2.0,0.0
28413.0,Пятница,жилые,1,1978,14,98.0,-1.0,2.0,0.0
28413.0,Среда,жилые,1,1978,14,98.0,-1.0,2.0,0.0
28413.0,Суббота,жилые,1,1978,14,98.0,-1.0,2.0,0.0
28413.0,Четверг,жилые,1,1978,14,98.0,-1.0,2.0,0.0
28414.0,Воскресенье,жилые,1,1978,14,98.0,-1.0,2.0,0.0
28414.0,Вторник,жилые,1,1978,14,98.0,-1.0,2.0,0.0
28414.0,Понедельник,жилые,1,1978,14,98.0,-1.0,2.0,0.0
28414.0,Пятница,жилые,1,1978,14,98.0,-1.0,2.0,0.0
28414.0,Среда,жилые,1,1978,14,98.0,-1.0,2.0,0.0
28414.0,Суббота,жилые,1,1978,14,98.0,-1.0,2.0,0.0
28414.0,Четверг,жилые,1,1978,14,98.0,-1.0,2.0,0.0
28415.0,Воскресенье,жилые,3,1977,12,168.0,24.0,3.0,3.0
28415.0,Вторник,жилые,3,1977,12,168.0,24.0,3.0,3.0
28415.0,Понедельник,жилые,3,1977,12,168.0,24.0,3.0,3.0
28415.0,Пятница,жилые,3,1977,12,168.0,24.0,3.0,3.0
28415.0,Среда,жилые,3,1977,12,168.0,24.0,3.0,3.0
28415.0,Суббота,жилые,3,1977,12,168.0,24.0,3.0,3.0
28415.0,Четверг,жилые,3,1977,12,168.0,24.0,3.0,3.0
28416.0,Воскресенье,жилые,3,1976,12,168.0,-1.0,3.0,3.0
28416.0,Вторник,жилые,3,1976,12,168.0,-1.0,3.0,3.0
28416.0,Понедельник,жилые,3,1976,12,168.0,-1.0,3.0,3.0
28416.0,Пятница,жилые,3,1976,12,168.0,-1.0,3.0,3.0
28416.0,Среда,жилые,3,1976,12,168.0,-1.0,3.0,3.0
28416.0,Суббота,жилые,3,1976,12,168.0,-1.0,3.0,3.0
28416.0,Четверг,жилые,3,1976,12,168.0,-1.0,3.0,3.0
28417.0,Воскресенье,жилые,4,1977,12,190.0,-1.0,8.0,0.0
28417.0,Вторник,жилые,4,1977,12,190.0,-1.0,8.0,0.0
28417.0,Понедельник,жилые,4,1977,12,190.0,-1.0,8.0,0.0
28417.0,Пятница,жилые,4,1977,12,190.0,-1.0,8.0,0.0
28417.0,Среда,жилые,4,1977,12,190.0,-1.0,8.0,0.0
28417.0,Суббота,жилые,4,1977,12,190.0,-1.0,8.0,0.0
28417.0,Четверг,жилые,4,1977,12,190.0,-1.0,8.0,0.0
28418.0,Воскресенье,жилые,6,1977,12,285.0,-1.0,12.0,0.0
28418.0,Вторник,жилые,6,1977,12,285.0,-1.0,12.0,0.0
28418.0,Понедельник,жилые,6,1977,12,285.0,-1.0,12.0,0.0
28418.0,Пятница,жилые,6,1977,12,285.0,-1.0,12.0,0.0
28418.0,Среда,жилые,6,1977,12,285.0,-1.0,12.0,0.0
28418.0,Суббота,жилые,6,1977,12,285.0,-1.0,12.0,0.0
28418.0,Четверг,жилые,6,1977,12,285.0,-1.0,12.0,0.0
28419.0,Воскресенье,жилые,4,1977,12,189.0,-1.0,8.0,0.0
28419.0,Вторник,жилые,4,1977,12,189.0,-1.0,8.0,0.0
28419.0,Понедельник,жилые,4,1977,12,189.0,-1.0,8.0,0.0
28419.0,Пятница,жилые,4,1977,12,189.0,-1.0,8.0,0.0
28419.0,Среда,жилые,4,1977,12,189.0,-1.0,8.0,0.0
28419.0,Суббота,жилые,4,1977,12,189.0,-1.0,8.0,0.0
28419.0,Четверг,жилые,4,1977,12,189.0,-1.0,8.0,0.0
28420.0,Воскресенье,жилые,6,1977,12,312.0,-1.0,6.0,6.0
28420.0,Вторник,жилые,6,1977,12,312.0,-1.0,6.0,6.0
28420.0,Понедельник,жилые,6,1977,12,312.0,-1.0,6.0,6.0
28420.0,Пятница,жилые,6,1977,12,312.0,-1.0,6.0,6.0
28420.0,Среда,жилые,6,1977,12,312.0,-1.0,6.0,6.0
28420.0,Суббота,жилые,6,1977,12,312.0,-1.0,6.0,6.0
28420.0,Четверг,жилые,6,1977,12,312.0,-1.0,6.0,6.0
28421.0,Воскресенье,жилые,3,1976,12,168.0,25.0,3.0,3.0
28421.0,Вторник,жилые,3,1976,12,168.0,25.0,3.0,3.0
28421.0,Понедельник,жилые,3,1976,12,168.0,25.0,3.0,3.0
28421.0,Пятница,жилые,3,1976,12,168.0,25.0,3.0,3.0
28421.0,Среда,жилые,3,1976,12,168.0,25.0,3.0,3.0
28421.0,Суббота,жилые,3,1976,12,168.0,25.0,3.0,3.0
28421.0,Четверг,жилые,3,1976,12,168.0,25.0,3.0,3.0
28422.0,Воскресенье,жилые,3,1977,12,168.0,0.0,3.0,3.0
28422.0,Вторник,жилые,3,1977,12,168.0,0.0,3.0,3.0
28422.0,Понедельник,жилые,3,1977,12,168.0,0.0,3.0,3.0
28422.0,Пятница,жилые,3,1977,12,168.0,0.0,3.0,3.0
28422.0,Среда,жилые,3,1977,12,168.0,0.0,3.0,3.0
28422.0,Суббота,жилые,3,1977,12,168.0,0.0,3.0,3.0
28422.0,Четверг,жилые,3,1977,12,168.0,0.0,3.0,3.0
28423.0,Воскресенье,жилые,6,1976,9,215.0,3.0,6.0,0.0
28423.0,Вторник,жилые,6,1976,9,215.0,3.0,6.0,0.0
28423.0,Понедельник,жилые,6,1976,9,215.0,3.0,6.0,0.0
28423.0,Пятница,жилые,6,1976,9,215.0,3.0,6.0,0.0
28423.0,Среда,жилые,6,1976,9,215.0,3.0,6.0,0.0
28423.0,Суббота,жилые,6,1976,9,215.0,3.0,6.0,0.0
28423.0,Четверг,жилые,6,1976,9,215.0,3.0,6.0,0.0
28951.0,Воскресенье,жилые,1,1977,16,111.0,8.0,1.0,1.0
28951.0,Вторник,жилые,1,1977,16,111.0,8.0,1.0,1.0
28951.0,Понедельник,жилые,1,1977,16,111.0,8.0,1.0,1.0
28951.0,Пятница,жилые,1,1977,16,111.0,8.0,1.0,1.0
28951.0,Среда,жилые,1,1977,16,111.0,8.0,1.0,1.0
28951.0,Суббота,жилые,1,1977,16,111.0,8.0,1.0,1.0
28951.0,Четверг,жилые,1,1977,16,111.0,8.0,1.0,1.0
28953.0,Воскресенье,жилые,8,1975,9,286.0,6.0,8.0,0.0
28953.0,Вторник,жилые,8,1975,9,286.0,6.0,8.0,0.0
28953.0,Понедельник,жилые,8,1975,9,286.0,6.0,8.0,0.0
28953.0,Пятница,жилые,8,1975,9,286.0,6.0,8.0,0.0
28953.0,Среда,жилые,8,1975,9,286.0,6.0,8.0,0.0
28953.0,Суббота,жилые,8,1975,9,286.0,6.0,8.0,0.0
28953.0,Четверг,жилые,8,1975,9,286.0,6.0,8.0,0.0
28954.0,Воскресенье,жилые,1,1979,16,111.0,0.0,1.0,1.0
28954.0,Вторник,жилые,1,1979,16,111.0,0.0,1.0,1.0
28954.0,Понедельник,жилые,1,1979,16,111.0,0.0,1.0,1.0
28954.0,Пятница,жилые,1,1979,16,111.0,0.0,1.0,1.0
28954.0,Среда,жилые,1,1979,16,111.0,0.0,1.0,1.0
28954.0,Суббота,жилые,1,1979,16,111.0,0.0,1.0,1.0
28954.0,Четверг,жилые,1,1979,16,111.0,0.0,1.0,1.0
28955.0,Воскресенье,жилые,8,1978,12,381.0,-1.0,16.0,0.0
28955.0,Вторник,жилые,8,1978,12,381.0,-1.0,16.0,0.0
28955.0,Понедельник,жилые,8,1978,12,381.0,-1.0,16.0,0.0
28955.0,Пятница,жилые,8,1978,12,381.0,-1.0,16.0,0.0
28955.0,Среда,жилые,8,1978,12,381.0,-1.0,16.0,0.0
28955.0,Суббота,жилые,8,1978,12,381.0,-1.0,16.0,0.0
28955.0,Четверг,жилые,8,1978,12,381.0,-1.0,16.0,0.0
28956.0,Воскресенье,жилые,1,1979,16,111.0,14.0,1.0,1.0
28956.0,Вторник,жилые,1,1979,16,111.0,14.0,1.0,1.0
28956.0,Понедельник,жилые,1,1979,16,111.0,14.0,1.0,1.0
28956.0,Пятница,жилые,1,1979,16,111.0,14.0,1.0,1.0
28956.0,Среда,жилые,1,1979,16,111.0,14.0,1.0,1.0
28956.0,Суббота,жилые,1,1979,16,111.0,14.0,1.0,1.0
28956.0,Четверг,жилые,1,1979,16,111.0,14.0,1.0,1.0
28957.0,Воскресенье,жилые,6,1977,9,215.0,-1.0,6.0,0.0
28957.0,Вторник,жилые,6,1977,9,215.0,-1.0,6.0,0.0
28957.0,Понедельник,жилые,6,1977,9,215.0,-1.0,6.0,0.0
28957.0,Пятница,жилые,6,1977,9,215.0,-1.0,6.0,0.0
28957.0,Среда,жилые,6,1977,9,215.0,-1.0,6.0,0.0
28957.0,Суббота,жилые,6,1977,9,215.0,-1.0,6.0,0.0
28957.0,Четверг,жилые,6,1977,9,215.0,-1.0,6.0,0.0
28958.0,Воскресенье,жилые,8,1977,9,286.0,-1.0,8.0,0.0
28958.0,Вторник,жилые,8,1977,9,286.0,-1.0,8.0,0.0
28958.0,Понедельник,жилые,8,1977,9,286.0,-1.0,8.0,0.0
28958.0,Пятница,жилые,8,1977,9,286.0,-1.0,8.0,0.0
28958.0,Среда,жилые,8,1977,9,286.0,-1.0,8.0,0.0
28958.0,Суббота,жилые,8,1977,9,286.0,-1.0,8.0,0.0
28958.0,Четверг,жилые,8,1977,9,286.0,-1.0,8.0,0.0
30158.0,Воскресенье,жилые,4,1973,9,144.0,-1.0,4.0,0.0
30158.0,Вторник,жилые,4,1973,9,144.0,-1.0,4.0,0.0
30158.0,Понедельник,жилые,4,1973,9,144.0,-1.0,4.0,0.0
30158.0,Пятница,жилые,4,1973,9,144.0,-1.0,4.0,0.0
30158.0,Среда,жилые,4,1973,9,144.0,-1.0,4.0,0.0
30158.0,Суббота,жилые,4,1973,9,144.0,-1.0,4.0,0.0
30158.0,Четверг,жилые,4,1973,9,144.0,-1.0,4.0,0.0
30159.0,Воскресенье,жилые,2,1973,9,72.0,21.0,2.0,0.0
30159.0,Вторник,жилые,2,1973,9,72.0,21.0,2.0,0.0
30159.0,Понедельник,жилые,2,1973,9,72.0,21.0,2.0,0.0
30159.0,Пятница,жилые,2,1973,9,72.0,21.0,2.0,0.0
30159.0,Среда,жилые,2,1973,9,72.0,21.0,2.0,0.0
30159.0,Суббота,жилые,2,1973,9,72.0,21.0,2.0,0.0
30159.0,Четверг,жилые,2,1973,9,72.0,21.0,2.0,0.0
30160.0,Воскресенье,жилые,2,1973,9,72.0,-1.0,2.0,0.0
30160.0,Вторник,жилые,2,1973,9,72.0,-1.0,2.0,0.0
30160.0,Понедельник,жилые,2,1973,9,72.0,-1.0,2.0,0.0
30160.0,Пятница,жилые,2,1973,9,72.0,-1.0,2.0,0.0
30160.0,Среда,жилые,2,1973,9,72.0,-1.0,2.0,0.0
30160.0,Суббота,жилые,2,1973,9,72.0,-1.0,2.0,0.0
30160.0,Четверг,жилые,2,1973,9,72.0,-1.0,2.0,0.0
30161.0,Воскресенье,жилые,12,1973,9,429.0,17.0,12.0,0.0
30161.0,Вторник,жилые,12,1973,9,429.0,17.0,12.0,0.0
30161.0,Понедельник,жилые,12,1973,9,429.0,17.0,12.0,0.0
30161.0,Пятница,жилые,12,1973,9,429.0,17.0,12.0,0.0
30161.0,Среда,жилые,12,1973,9,429.0,17.0,12.0,0.0
30161.0,Суббота,жилые,12,1973,9,429.0,17.0,12.0,0.0
30161.0,Четверг,жилые,12,1973,9,429.0,17.0,12.0,0.0
30162.0,Воскресенье,жилые,4,1972,9,140.0,26.0,4.0,0.0
30162.0,Вторник,жилые,4,1972,9,140.0,26.0,4.0,0.0
30162.0,Понедельник,жилые,4,1972,9,140.0,26.0,4.0,0.0
30162.0,Пятница,жилые,4,1972,9,140.0,26.0,4.0,0.0
30162.0,Среда,жилые,4,1972,9,140.0,26.0,4.0,0.0
30162.0,Суббота,жилые,4,1972,9,140.0,26.0,4.0,0.0
30162.0,Четверг,жилые,4,1972,9,140.0,26.0,4.0,0.0
30163.0,Воскресенье,жилые,2,1972,9,72.0,-1.0,2.0,0.0
30163.0,Вторник,жилые,2,1972,9,72.0,-1.0,2.0,0.0
30163.0,Понедельник,жилые,2,1972,9,72.0,-1.0,2.0,0.0
30163.0,Пятница,жилые,2,1972,9,72.0,-1.0,2.0,0.0
30163.0,Среда,жилые,2,1972,9,72.0,-1.0,2.0,0.0
30163.0,Суббота,жилые,2,1972,9,72.0,-1.0,2.0,0.0
30163.0,Четверг,жилые,2,1972,9,72.0,-1.0,2.0,0.0
30164.0,Воскресенье,жилые,2,1972,9,71.0,22.0,2.0,0.0
30164.0,Вторник,жилые,2,1972,9,71.0,22.0,2.0,0.0
30164.0,Понедельник,жилые,2,1972,9,71.0,22.0,2.0,0.0
30164.0,Пятница,жилые,2,1972,9,71.0,22.0,2.0,0.0
30164.0,Среда,жилые,2,1972,9,71.0,22.0,2.0,0.0
30164.0,Суббота,жилые,2,1972,9,71.0,22.0,2.0,0.0
30164.0,Четверг,жилые,2,1972,9,71.0,22.0,2.0,0.0
30165.0,Воскресенье,жилые,12,1972,9,428.0,-1.0,12.0,0.0
30165.0,Вторник,жилые,12,1972,9,428.0,-1.0,12.0,0.0
30165.0,Понедельник,жилые,12,1972,9,428.0,-1.0,12.0,0.0
30165.0,Пятница,жилые,12,1972,9,428.0,-1.0,12.0,0.0
30165.0,Среда,жилые,12,1972,9,428.0,-1.0,12.0,0.0
30165.0,Суббота,жилые,12,1972,9,428.0,-1.0,12.0,0.0
30165.0,Четверг,жилые,12,1972,9,428.0,-1.0,12.0,0.0
30166.0,Воскресенье,жилые,4,1972,9,144.0,33.0,4.0,0.0
30166.0,Вторник,жилые,4,1972,9,144.0,33.0,4.0,0.0
30166.0,Понедельник,жилые,4,1972,9,144.0,33.0,4.0,0.0
30166.0,Пятница,жилые,4,1972,9,144.0,33.0,4.0,0.0
30166.0,Среда,жилые,4,1972,9,144.0,33.0,4.0,0.0
30166.0,Суббота,жилые,4,1972,9,144.0,33.0,4.0,0.0
30166.0,Четверг,жилые,4,1972,9,144.0,33.0,4.0,0.0
30167.0,Воскресенье,жилые,2,1972,9,72.0,-1.0,2.0,0.0
30167.0,Вторник,жилые,2,1972,9,72.0,-1.0,2.0,0.0
30167.0,Понедельник,жилые,2,1972,9,72.0,-1.0,2.0,0.0
30167.0,Пятница,жилые,2,1972,9,72.0,-1.0,2.0,0.0
30167.0,Среда,жилые,2,1972,9,72.0,-1.0,2.0,0.0
30167.0,Суббота,жилые,2,1972,9,72.0,-1.0,2.0,0.0
30167.0,Четверг,жилые,2,1972,9,72.0,-1.0,2.0,0.0
30168.0,Воскресенье,жилые,2,1972,9,71.0,15.0,2.0,0.0
30168.0,Вторник,жилые,2,1972,9,71.0,15.0,2.0,0.0
30168.0,Понедельник,жилые,2,1972,9,71.0,15.0,2.0,0.0
30168.0,Пятница,жилые,2,1972,9,71.0,15.0,2.0,0.0
30168.0,Среда,жилые,2,1972,9,71.0,15.0,2.0,0.0
30168.0,Суббота,жилые,2,1972,9,71.0,15.0,2.0,0.0
30168.0,Четверг,жилые,2,1972,9,71.0,15.0,2.0,0.0
30169.0,Воскресенье,жилые,12,1972,9,429.0,-1.0,12.0,0.0
30169.0,Вторник,жилые,12,1972,9,429.0,-1.0,12.0,0.0
30169.0,Понедельник,жилые,12,1972,9,429.0,-1.0,12.0,0.0
30169.0,Пятница,жилые,12,1972,9,429.0,-1.0,12.0,0.0
30169.0,Среда,жилые,12,1972,9,429.0,-1.0,12.0,0.0
30169.0,Суббота,жилые,12,1972,9,429.0,-1.0,12.0,0.0
30169.0,Четверг,жилые,12,1972,9,429.0,-1.0,12.0,0.0
30170.0,Воскресенье,жилые,1,1981,16,111.0,12.0,1.0,1.0
30170.0,Вторник,жилые,1,1981,16,111.0,12.0,1.0,1.0
30170.0,Понедельник,жилые,1,1981,16,111.0,12.0,1.0,1.0
30170.0,Пятница,жилые,1,1981,16,111.0,12.0,1.0,1.0
30170.0,Среда,жилые,1,1981,16,111.0,12.0,1.0,1.0
30170.0,Суббота,жилые,1,1981,16,111.0,12.0,1.0,1.0
30170.0,Четверг,жилые,1,1981,16,111.0,12.0,1.0,1.0
30171.0,Воскресенье,жилые,1,1980,16,108.0,-1.0,1.0,1.0
30171.0,Вторник,жилые,1,1980,16,108.0,-1.0,1.0,1.0
30171.0,Понедельник,жилые,1,1980,16,108.0,-1.0,1.0,1.0
30171.0,Пятница,жилые,1,1980,16,108.0,-1.0,1.0,1.0
30171.0,Среда,жилые,1,1980,16,108.0,-1.0,1.0,1.0
30171.0,Суббота,жилые,1,1980,16,108.0,-1.0,1.0,1.0
30171.0,Четверг,жилые,1,1980,16,108.0,-1.0,1.0,1.0
30172.0,Воскресенье,жилые,1,1981,16,111.0,-1.0,1.0,1.0
30172.0,Вторник,жилые,1,1981,16,111.0,-1.0,1.0,1.0
30172.0,Понедельник,жилые,1,1981,16,111.0,-1.0,1.0,1.0
30172.0,Пятница,жилые,1,1981,16,111.0,-1.0,1.0,1.0
30172.0,Среда,жилые,1,1981,16,111.0,-1.0,1.0,1.0
30172.0,Суббота,жилые,1,1981,16,111.0,-1.0,1.0,1.0
30172.0,Четверг,жилые,1,1981,16,111.0,-1.0,1.0,1.0
30173.0,Воскресенье,жилые,2,1985,14,104.0,-1.0,4.0,0.0
30173.0,Вторник,жилые,2,1985,14,104.0,-1.0,4.0,0.0
30173.0,Понедельник,жилые,2,1985,14,104.0,-1.0,4.0,0.0
30173.0,Пятница,жилые,2,1985,14,104.0,-1.0,4.0,0.0
30173.0,Среда,жилые,2,1985,14,104.0,-1.0,4.0,0.0
30173.0,Суббота,жилые,2,1985,14,104.0,-1.0,4.0,0.0
30173.0,Четверг,жилые,2,1985,14,104.0,-1.0,4.0,0.0
30174.0,Воскресенье,жилые,4,1972,9,144.0,-1.0,4.0,0.0
30174.0,Вторник,жилые,4,1972,9,144.0,-1.0,4.0,0.0
30174.0,Понедельник,жилые,4,1972,9,144.0,-1.0,4.0,0.0
30174.0,Пятница,жилые,4,1972,9,144.0,-1.0,4.0,0.0
30174.0,Среда,жилые,4,1972,9,144.0,-1.0,4.0,0.0
30174.0,Суббота,жилые,4,1972,9,144.0,-1.0,4.0,0.0
30174.0,Четверг,жилые,4,1972,9,144.0,-1.0,4.0,0.0
30175.0,Воскресенье,жилые,2,1972,9,72.0,-1.0,2.0,0.0
30175.0,Вторник,жилые,2,1972,9,72.0,-1.0,2.0,0.0
30175.0,Понедельник,жилые,2,1972,9,72.0,-1.0,2.0,0.0
30175.0,Пятница,жилые,2,1972,9,72.0,-1.0,2.0,0.0
30175.0,Среда,жилые,2,1972,9,72.0,-1.0,2.0,0.0
30175.0,Суббота,жилые,2,1972,9,72.0,-1.0,2.0,0.0
30175.0,Четверг,жилые,2,1972,9,72.0,-1.0,2.0,0.0
30176.0,Воскресенье,жилые,2,1972,9,71.0,33.0,2.0,0.0
30176.0,Вторник,жилые,2,1972,9,71.0,33.0,2.0,0.0
30176.0,Понедельник,жилые,2,1972,9,71.0,33.0,2.0,0.0
30176.0,Пятница,жилые,2,1972,9,71.0,33.0,2.0,0.0
30176.0,Среда,жилые,2,1972,9,71.0,33.0,2.0,0.0
30176.0,Суббота,жилые,2,1972,9,71.0,33.0,2.0,0.0
30176.0,Четверг,жилые,2,1972,9,71.0,33.0,2.0,0.0
30177.0,Воскресенье,жилые,12,1972,9,431.0,-1.0,12.0,0.0
30177.0,Вторник,жилые,12,1972,9,431.0,-1.0,12.0,0.0
30177.0,Понедельник,жилые,12,1972,9,431.0,-1.0,12.0,0.0
30177.0,Пятница,жилые,12,1972,9,431.0,-1.0,12.0,0.0
30177.0,Среда,жилые,12,1972,9,431.0,-1.0,12.0,0.0
30177.0,Суббота,жилые,12,1972,9,431.0,-1.0,12.0,0.0
30177.0,Четверг,жилые,12,1972,9,431.0,-1.0,12.0,0.0
30178.0,Воскресенье,жилые,4,1973,9,143.0,-1.0,4.0,0.0
30178.0,Вторник,жилые,4,1973,9,143.0,-1.0,4.0,0.0
30178.0,Понедельник,жилые,4,1973,9,143.0,-1.0,4.0,0.0
30178.0,Пятница,жилые,4,1973,9,143.0,-1.0,4.0,0.0
30178.0,Среда,жилые,4,1973,9,143.0,-1.0,4.0,0.0
30178.0,Суббота,жилые,4,1973,9,143.0,-1.0,4.0,0.0
30178.0,Четверг,жилые,4,1973,9,143.0,-1.0,4.0,0.0
30179.0,Воскресенье,жилые,2,1972,9,72.0,19.0,2.0,0.0
30179.0,Вторник,жилые,2,1972,9,72.0,19.0,2.0,0.0
30179.0,Понедельник,жилые,2,1972,9,72.0,19.0,2.0,0.0
30179.0,Пятница,жилые,2,1972,9,72.0,19.0,2.0,0.0
30179.0,Среда,жилые,2,1972,9,72.0,19.0,2.0,0.0
30179.0,Суббота,жилые,2,1972,9,72.0,19.0,2.0,0.0
30179.0,Четверг,жилые,2,1972,9,72.0,19.0,2.0,0.0
30180.0,Воскресенье,жилые,2,1972,9,72.0,-1.0,2.0,0.0
30180.0,Вторник,жилые,2,1972,9,72.0,-1.0,2.0,0.0
30180.0,Понедельник,жилые,2,1972,9,72.0,-1.0,2.0,0.0
30180.0,Пятница,жилые,2,1972,9,72.0,-1.0,2.0,0.0
30180.0,Среда,жилые,2,1972,9,72.0,-1.0,2.0,0.0
30180.0,Суббота,жилые,2,1972,9,72.0,-1.0,2.0,0.0
30180.0,Четверг,жилые,2,1972,9,72.0,-1.0,2.0,0.0
31238.0,Воскресенье,жилые,1,1990,22,174.0,-1.0,2.0,2.0
31238.0,Вторник,жилые,1,1990,22,174.0,-1.0,2.0,2.0
31238.0,Понедельник,жилые,1,1990,22,174.0,-1.0,2.0,2.0
31238.0,Пятница,жилые,1,1990,22,174.0,-1.0,2.0,2.0
31238.0,Среда,жилые,1,1990,22,174.0,-1.0,2.0,2.0
31238.0,Суббота,жилые,1,1990,22,174.0,-1.0,2.0,2.0
31238.0,Четверг,жилые,1,1990,22,174.0,-1.0,2.0,2.0
31921.0,Воскресенье,жилые,1,1992,16,111.0,-1.0,1.0,1.0
31921.0,Вторник,жилые,1,1992,16,111.0,-1.0,1.0,1.0
31921.0,Понедельник,жилые,1,1992,16,111.0,-1.0,1.0,1.0
31921.0,Пятница,жилые,1,1992,16,111.0,-1.0,1.0,1.0
31921.0,Среда,жилые,1,1992,16,111.0,-1.0,1.0,1.0
31921.0,Суббота,жилые,1,1992,16,111.0,-1.0,1.0,1.0
31921.0,Четверг,жилые,1,1992,16,111.0,-1.0,1.0,1.0
51540.0,Воскресенье,жилые,1,1993,16,111.0,-1.0,1.0,1.0
51540.0,Вторник,жилые,1,1993,16,111.0,-1.0,1.0,1.0
51540.0,Понедельник,жилые,1,1993,16,111.0,-1.0,1.0,1.0
51540.0,Пятница,жилые,1,1993,16,111.0,-1.0,1.0,1.0
51540.0,Среда,жилые,1,1993,16,111.0,-1.0,1.0,1.0
51540.0,Суббота,жилые,1,1993,16,111.0,-1.0,1.0,1.0
51540.0,Четверг,жилые,1,1993,16,111.0,-1.0,1.0,1.0
65066.0,Воскресенье,жилые,3,2000,17,202.0,-1.0,3.0,3.0
65066.0,Вторник,жилые,3,2000,17,202.0,-1.0,3.0,3.0
65066.0,Понедельник,жилые,3,2000,17,202.0,-1.0,3.0,3.0
65066.0,Пятница,жилые,3,2000,17,202.0,-1.0,3.0,3.0
65066.0,Среда,жилые,3,2000,17,202.0,-1.0,3.0,3.0
65066.0,Суббота,жилые,3,2000,17,202.0,-1.0,3.0,3.0
65066.0,Четверг,жилые,3,2000,17,202.0,-1.0,3.0,3.0
65068.0,Воскресенье,жилые,2,2000,22,165.0,-1.0,4.0,2.0
65068.0,Вторник,жилые,2,2000,22,165.0,-1.0,4.0,2.0
65068.0,Понедельник,жилые,2,2000,22,165.0,-1.0,4.0,2.0
65068.0,Пятница,жилые,2,2000,22,165.0,-1.0,4.0,2.0
65068.0,Среда,жилые,2,2000,22,165.0,-1.0,4.0,2.0
65068.0,Суббота,жилые,2,2000,22,165.0,-1.0,4.0,2.0
65068.0,Четверг,жилые,2,2000,22,165.0,-1.0,4.0,2.0
65098.0,Воскресенье,жилые,2,2002,14,111.0,0.0,2.0,2.0
65098.0,Вторник,жилые,2,2002,14,111.0,0.0,2.0,2.0
65098.0,Понедельник,жилые,2,2002,14,111.0,0.0,2.0,2.0
65098.0,Пятница,жилые,2,2002,14,111.0,0.0,2.0,2.0
65098.0,Среда,жилые,2,2002,14,111.0,0.0,2.0,2.0
65098.0,Суббота,жилые,2,2002,14,111.0,0.0,2.0,2.0
65098.0,Четверг,жилые,2,2002,14,111.0,0.0,2.0,2.0
82044.0,Воскресенье,жилые,4,1997,14,201.0,-1.0,4.0,4.0
82044.0,Вторник,жилые,4,1997,14,201.0,-1.0,4.0,4.0
82044.0,Понедельник,жилые,4,1997,14,201.0,-1.0,4.0,4.0
82044.0,Пятница,жилые,4,1997,14,201.0,-1.0,4.0,4.0
82044.0,Среда,жилые,4,1997,14,201.0,-1.0,4.0,4.0
82044.0,Суббота,жилые,4,1997,14,201.0,-1.0,4.0,4.0
82044.0,Четверг,жилые,4,1997,14,201.0,-1.0,4.0,4.0
250022.0,Воскресенье,жилые,3,2006,14,163.0,-1.0,2.0,3.0
250022.0,Вторник,жилые,3,2006,14,163.0,-1.0,2.0,3.0
250022.0,Понедельник,жилые,3,2006,14,163.0,-1.0,2.0,3.0
250022.0,Пятница,жилые,3,2006,14,163.0,-1.0,2.0,3.0
250022.0,Среда,жилые,3,2006,14,163.0,-1.0,2.0,3.0
250022.0,Суббота,жилые,3,2006,14,163.0,-1.0,2.0,3.0
250022.0,Четверг,жилые,3,2006,14,163.0,-1.0,2.0,3.0
